
Running 1240 tests using 2 workers

  ok    2 [desktop-1440] › tests\qa-bo-001-auth-dashboard.spec.js:75:5 › QA-BO-001: Login + Dashboard (strict) › Login — dark theme & colors › 1. login-screen ใช้ dark theme background (1.9s)
  ok    1 [desktop-1440] › tests\qa-bo-015-accept-invitation.spec.js:39:3 › QA-BO-015: Accept Invitation & Initial Password Activation (AIL-008) › 1. Valid link → form state + context read-only + hash stripped + no OTP field (2.3s)
  ok    3 [desktop-1440] › tests\qa-bo-001-auth-dashboard.spec.js:86:5 › QA-BO-001: Login + Dashboard (strict) › Login — dark theme & colors › 2. login-panel ใช้ dark theme background (1.8s)
  ok    4 [desktop-1440] › tests\qa-bo-015-accept-invitation.spec.js:66:3 › QA-BO-015: Accept Invitation & Initial Password Activation (AIL-008) › 2. Password policy — แต่ละ rule ต้องผ่านก่อน submit และไม่มี mutation ถ้า invalid (3.1s)
  ok    6 [desktop-1440] › tests\qa-bo-015-accept-invitation.spec.js:115:3 › QA-BO-015: Accept Invitation & Initial Password Activation (AIL-008) › 3. Confirm mismatch → error + ไม่มี mutation (5.9s)
  ok    5 [desktop-1440] › tests\qa-bo-001-auth-dashboard.spec.js:96:5 › QA-BO-001: Login + Dashboard (strict) › Login — split layout (desktop >1180px) › 3. desktop 1440px: visual อยู่ซ้าย, panel อยู่ขวา (split) (8.7s)
  ok    7 [desktop-1440] › tests\qa-bo-015-accept-invitation.spec.js:131:3 › QA-BO-015: Accept Invitation & Initial Password Activation (AIL-008) › 4. Valid submit → Pending→Used + Invited→Active atomic + audit + ไม่มี auto-session (2.3s)
  ok    8 [desktop-1440] › tests\qa-bo-001-auth-dashboard.spec.js:109:5 › QA-BO-001: Login + Dashboard (strict) › Login — split layout (desktop >1180px) › 4. desktop 1280px: visual อยู่ซ้าย, panel อยู่ขวา (split) (1.9s)
  ok    9 [desktop-1440] › tests\qa-bo-015-accept-invitation.spec.js:163:3 › QA-BO-015: Accept Invitation & Initial Password Activation (AIL-008) › 5. Token reuse → invalid state already_used + audit Failed + ไม่มี mutation ซ้ำ (2.6s)
  ok   10 [desktop-1440] › tests\qa-bo-001-auth-dashboard.spec.js:122:5 › QA-BO-001: Login + Dashboard (strict) › Login — single column (≤1180px) › 5. tablet 768px: visual อยู่บน, panel อยู่ล่าง (single column) (2.1s)
  ok   11 [desktop-1440] › tests\qa-bo-015-accept-invitation.spec.js:186:3 › QA-BO-015: Accept Invitation & Initial Password Activation (AIL-008) › 6. Double submit → activation ครั้งเดียวเท่านั้น (2.6s)
  ok   12 [desktop-1440] › tests\qa-bo-001-auth-dashboard.spec.js:135:5 › QA-BO-001: Login + Dashboard (strict) › Login — single column (≤1180px) › 6. mobile 390px: visual อยู่บน, panel อยู่ล่าง (single column compact) (1.6s)
  ok   14 [desktop-1440] › tests\qa-bo-001-auth-dashboard.spec.js:150:5 › QA-BO-001: Login + Dashboard (strict) › Login — brand identity › 7. login-panel แสดง brand mark + name + label ตาม prototype (1.5s)
  ok   13 [desktop-1440] › tests\qa-bo-015-accept-invitation.spec.js:204:3 › QA-BO-015: Accept Invitation & Initial Password Activation (AIL-008) › 7. Garbage/unknown token → invalid_token + ไม่ audit (unresolvable) (2.0s)
  ok   15 [desktop-1440] › tests\qa-bo-001-auth-dashboard.spec.js:159:5 › QA-BO-001: Login + Dashboard (strict) › Login — brand identity › 8. login title + copy เป็นภาษาไทยตาม prototype (1.8s)
  ok   16 [desktop-1440] › tests\qa-bo-015-accept-invitation.spec.js:221:3 › QA-BO-015: Accept Invitation & Initial Password Activation (AIL-008) › 8. Expired link → invalid state + audit Failed + ไม่ activate (1.7s)
  ok   17 [desktop-1440] › tests\qa-bo-001-auth-dashboard.spec.js:172:5 › QA-BO-001: Login + Dashboard (strict) › Login — form input dimensions › 9. form input สูง 44-46px ตามมาตรฐาน (1.4s)
  ok   18 [desktop-1440] › tests\qa-bo-015-accept-invitation.spec.js:236:3 › QA-BO-015: Accept Invitation & Initial Password Activation (AIL-008) › 9. Cancelled link → invalid state + ไม่ activate (1.8s)
  ok   20 [desktop-1440] › tests\qa-bo-015-accept-invitation.spec.js:249:3 › QA-BO-015: Accept Invitation & Initial Password Activation (AIL-008) › 10. Superseded link → invalid state; link revision ใหม่ยังใช้งานได้ (1.4s)
  ok   19 [desktop-1440] › tests\qa-bo-001-auth-dashboard.spec.js:183:5 › QA-BO-001: Login + Dashboard (strict) › Login — form input dimensions › 10. mobile 390px: form input สูง 46px (compact) (2.1s)
  ok   21 [desktop-1440] › tests\qa-bo-015-accept-invitation.spec.js:271:3 › QA-BO-015: Accept Invitation & Initial Password Activation (AIL-008) › 11. Stale revision token → invalid state stale_revision (1.6s)
  ok   22 [desktop-1440] › tests\qa-bo-001-auth-dashboard.spec.js:195:5 › QA-BO-001: Login + Dashboard (strict) › Login — form fields & attributes › 11. email field: type=email, autocomplete=username (2.1s)
  ok   23 [desktop-1440] › tests\qa-bo-015-accept-invitation.spec.js:285:3 › QA-BO-015: Accept Invitation & Initial Password Activation (AIL-008) › 12. Account ไม่ใช่ Invited → invalid state account_ineligible (1.8s)
  ok   24 [desktop-1440] › tests\qa-bo-001-auth-dashboard.spec.js:202:5 › QA-BO-001: Login + Dashboard (strict) › Login — form fields & attributes › 12. password field: type=password, autocomplete=current-password (1.9s)
  ok   25 [desktop-1440] › tests\qa-bo-015-accept-invitation.spec.js:299:3 › QA-BO-015: Accept Invitation & Initial Password Activation (AIL-008) › 13. Role ไม่ eligible → invalid state role_ineligible (1.9s)
  ok   26 [desktop-1440] › tests\qa-bo-001-auth-dashboard.spec.js:209:5 › QA-BO-001: Login + Dashboard (strict) › Login — form fields & attributes › 13. password visibility toggle สลับ type + aria-label (2.1s)
  ok   27 [desktop-1440] › tests\qa-bo-015-accept-invitation.spec.js:312:3 › QA-BO-015: Accept Invitation & Initial Password Activation (AIL-008) › 14. Commit-time revalidation — ยกเลิกคำเชิญหลังเปิด form → activate ถูก block (2.4s)
  ok   28 [desktop-1440] › tests\qa-bo-001-auth-dashboard.spec.js:224:5 › QA-BO-001: Login + Dashboard (strict) › Login — form fields & attributes › 14. forgot password link แสดงใน meta row (1.7s)
  ok   30 [desktop-1440] › tests\qa-bo-001-auth-dashboard.spec.js:232:5 › QA-BO-001: Login + Dashboard (strict) › Login — form fields & attributes › 15. submit button ข้อความตรง prototype (1.8s)
  ok   29 [desktop-1440] › tests\qa-bo-015-accept-invitation.spec.js:329:3 › QA-BO-015: Accept Invitation & Initial Password Activation (AIL-008) › 15. Success → กลับ Login ได้ และ Login ด้วย Email + Password เข้าระบบได้ทันที (ไม่มี OTP) (2.5s)
  ok   31 [desktop-1440] › tests\qa-bo-001-auth-dashboard.spec.js:238:5 › QA-BO-001: Login + Dashboard (strict) › Login — form fields & attributes › 16. primary button เต็มความกว้าง (2.0s)
  ok   33 [desktop-1440] › tests\qa-bo-001-auth-dashboard.spec.js:251:5 › QA-BO-001: Login + Dashboard (strict) › Login — auth error & accessibility › 17. auth-error มี role=alert (1.4s)
  ok   32 [desktop-1440] › tests\qa-bo-015-accept-invitation.spec.js:351:3 › QA-BO-015: Accept Invitation & Initial Password Activation (AIL-008) › 16. Refresh หลัง consume — hash ถูก strip แล้ว จึงกลับมาที่ Login (token ไม่ค้างใน URL) (4.0s)
  ok   34 [desktop-1440] › tests\qa-bo-001-auth-dashboard.spec.js:257:5 › QA-BO-001: Login + Dashboard (strict) › Login — auth error & accessibility › 18. login-visual เป็น decorative (aria-hidden) (1.9s)
  ok   35 [desktop-1440] › tests\qa-bo-015-accept-invitation.spec.js:366:3 › QA-BO-015: Accept Invitation & Initial Password Activation (AIL-008) › 17. Missing token → invalid state invalid_token (2.1s)
  -    37 [desktop-1440] › tests\qa-bo-015-accept-invitation.spec.js:373:3 › QA-BO-015: Accept Invitation & Initial Password Activation (AIL-008) › 18. Mobile 390px — invite screen render + activate ได้ครบ
  ok   36 [desktop-1440] › tests\qa-bo-001-auth-dashboard.spec.js:263:5 › QA-BO-001: Login + Dashboard (strict) › Login — auth error & accessibility › 19. bad-password scenario: generic error ไม่ระบุ field ที่ผิด (2.6s)
  ok   38 [desktop-1440] › tests\qa-bo-016-invitation-recovery.spec.js:48:3 › QA-BO-016: Invitation Safe Recovery States (AIL-009) › 1. Expired → recovery 'expired': LINK EXPIRED + exit-only + ไม่มี form/mutation (1.6s)
  ok   39 [desktop-1440] › tests\qa-bo-001-auth-dashboard.spec.js:280:5 › QA-BO-001: Login + Dashboard (strict) › Login — transition & logout › 20. login สำเร็จ → Dashboard + body ไม่ logged-out + login screen หาย (2.3s)
  ok   40 [desktop-1440] › tests\qa-bo-016-invitation-recovery.spec.js:67:3 › QA-BO-016: Invitation Safe Recovery States (AIL-009) › 2. Cancelled → recovery 'cancelled' + contact-admin channel + direct commit ถูก block (2.1s)
  ok   42 [desktop-1440] › tests\qa-bo-016-invitation-recovery.spec.js:84:3 › QA-BO-016: Invitation Safe Recovery States (AIL-009) › 3. Superseded → recovery 'superseded': LINK REPLACED + hint เปิดลิงก์ฉบับล่าสุด (1.7s)
  ok   41 [desktop-1440] › tests\qa-bo-001-auth-dashboard.spec.js:290:5 › QA-BO-001: Login + Dashboard (strict) › Login — transition & logout › 21. logout → กลับหน้า login + body logged-out (3.1s)
  ok   43 [desktop-1440] › tests\qa-bo-016-invitation-recovery.spec.js:99:3 › QA-BO-016: Invitation Safe Recovery States (AIL-009) › 4. Used → recovery 'used': LINK ALREADY USED + GO TO LOGIN (บัญชี active แล้ว) (2.2s)
  ok   44 [desktop-1440] › tests\qa-bo-001-auth-dashboard.spec.js:304:5 › QA-BO-001: Login + Dashboard (strict) › Dashboard — header › 22. breadcrumb + title + meta ตรง prototype (2.3s)
  ok   45 [desktop-1440] › tests\qa-bo-016-invitation-recovery.spec.js:117:3 › QA-BO-016: Invitation Safe Recovery States (AIL-009) › 5. Unknown/malformed/missing token → recovery 'invalid' generic — ไม่เปิดเผย account existence (1.9s)
  ok   47 [desktop-1440] › tests\qa-bo-016-invitation-recovery.spec.js:140:3 › QA-BO-016: Invitation Safe Recovery States (AIL-009) › 6. Account ineligible → recovery 'unavailable' generic + audit Failed + ไม่เปลี่ยน state (1.6s)
  ok   46 [desktop-1440] › tests\qa-bo-001-auth-dashboard.spec.js:315:5 › QA-BO-001: Login + Dashboard (strict) › Dashboard — header › 23. header ไม่มี Date Range / Refresh / Export / global search (2.3s)
  ok   48 [desktop-1440] › tests\qa-bo-016-invitation-recovery.spec.js:165:3 › QA-BO-016: Invitation Safe Recovery States (AIL-009) › 7. Role ineligible → recovery 'unavailable' + ไม่เปลี่ยน state (1.8s)
  ok   49 [desktop-1440] › tests\qa-bo-001-auth-dashboard.spec.js:326:5 › QA-BO-001: Login + Dashboard (strict) › Dashboard — header › 24. panel title + subtitle ตรง prototype (2.6s)
  ok   50 [desktop-1440] › tests\qa-bo-016-invitation-recovery.spec.js:183:3 › QA-BO-016: Invitation Safe Recovery States (AIL-009) › 8. Stale revision token → recovery 'superseded' (มีลิงก์ใหม่กว่า) (1.6s)
  ok   51 [desktop-1440] › tests\qa-bo-001-auth-dashboard.spec.js:336:5 › QA-BO-001: Login + Dashboard (strict) › Dashboard — KPI cards (8 cards ตามลำดับ) › 25. KPI cards ครบ 8 ตามลำดับที่ spec ล็อก (2.3s)
  ok   52 [desktop-1440] › tests\qa-bo-016-invitation-recovery.spec.js:198:3 › QA-BO-016: Invitation Safe Recovery States (AIL-009) › 9. Transient stale_invitation ณ submit → retry re-resolve → form → activate สำเร็จ (ไม่วนลูป) (2.3s)
  ok   53 [desktop-1440] › tests\qa-bo-001-auth-dashboard.spec.js:353:5 › QA-BO-001: Login + Dashboard (strict) › Dashboard — KPI cards (8 cards ตามลำดับ) › 26. KPI cards มี value + trend + chips ครบ (2.5s)
  ok   54 [desktop-1440] › tests\qa-bo-016-invitation-recovery.spec.js:232:3 › QA-BO-016: Invitation Safe Recovery States (AIL-009) › 10. Commit failure → rollback ครบ + transient recovery + retry สำเร็จหลังแก้สาเหตุ (2.3s)
  ok   56 [desktop-1440] › tests\qa-bo-016-invitation-recovery.spec.js:269:3 › QA-BO-016: Invitation Safe Recovery States (AIL-009) › 11. Recovery exit → กลับ Login ครบทุกช่องทาง และ Login flow เดิม (Email + Password → BO) (1.7s)
  ok   55 [desktop-1440] › tests\qa-bo-001-auth-dashboard.spec.js:369:5 › QA-BO-001: Login + Dashboard (strict) › Dashboard — KPI cards (8 cards ตามลำดับ) › 27. Reported Items chips แสดง Assets/Users/Articles/Comments (2.4s)
  ok   57 [desktop-1440] › tests\qa-bo-016-invitation-recovery.spec.js:285:3 › QA-BO-016: Invitation Safe Recovery States (AIL-009) › 12. Sensitive data — recovery screen ไม่เปิดเผย token/revision/internal reason (1.6s)
  ok   58 [desktop-1440] › tests\qa-bo-001-auth-dashboard.spec.js:384:5 › QA-BO-001: Login + Dashboard (strict) › Dashboard — navigation from KPI cards (spec ล็อกปลายทาง) › 28. New Users card → User Management / User Accounts (2.7s)
  ok   59 [desktop-1440] › tests\qa-bo-016-invitation-recovery.spec.js:298:3 › QA-BO-016: Invitation Safe Recovery States (AIL-009) › 13. Focus — primary recovery action ได้ focus (keyboard flow) ทั้ง invalid + success (3.0s)
  ok   60 [desktop-1440] › tests\qa-bo-001-auth-dashboard.spec.js:397:5 › QA-BO-001: Login + Dashboard (strict) › Dashboard — navigation from KPI cards (spec ล็อกปลายทาง) › 29. New Assets card → Asset Management / Asset List (2.9s)
  ok   61 [desktop-1440] › tests\qa-bo-016-invitation-recovery.spec.js:319:3 › QA-BO-016: Invitation Safe Recovery States (AIL-009) › 14. Transient ไม่วนลูป — state เปลี่ยนเป็น terminal แล้ว retry แสดง terminal recovery (2.1s)
  ok   62 [desktop-1440] › tests\qa-bo-001-auth-dashboard.spec.js:406:5 › QA-BO-001: Login + Dashboard (strict) › Dashboard — navigation from KPI cards (spec ล็อกปลายทาง) › 30. Reported Items / Assets chip → Asset Management / Reported Assets (2.8s)
  ok   63 [desktop-1440] › tests\qa-bo-016-invitation-recovery.spec.js:345:3 › QA-BO-016: Invitation Safe Recovery States (AIL-009) › 15. Scenario dropdown 'transient' — UI-only path: form → submit → ACTIVATION NOT COMPLETED → TRY AGAIN → activate สำเร็จ (3.3s)
  -    65 [desktop-1440] › tests\qa-bo-016-invitation-recovery.spec.js:384:3 › QA-BO-016: Invitation Safe Recovery States (AIL-009) › 16. Mobile 390px — recovery state render + action usable
  ok   64 [desktop-1440] › tests\qa-bo-001-auth-dashboard.spec.js:420:5 › QA-BO-001: Login + Dashboard (strict) › Dashboard — navigation from KPI cards (spec ล็อกปลายทาง) › 31. Reported Items / Users chip → User Management / Reported Users (3.0s)
  ok   67 [desktop-1440] › tests\qa-bo-001-auth-dashboard.spec.js:433:5 › QA-BO-001: Login + Dashboard (strict) › Dashboard — navigation from KPI cards (spec ล็อกปลายทาง) › 32. Reported Items / Articles chip → Content Management / Reported Articles (2.7s)
  ok   66 [desktop-1440] › tests\qa-bo-017-admin-invitation-lifecycle.spec.js:149:3 › QA-BO-017: Admin Invitation Lifecycle — targeted Mission 1 coverage (AIL-010) › 1. invite → accept → activate: account ใหม่ครบ lifecycle ด้วยลิงก์จริงของ invitation ใหม่ (5.4s)
  ok   68 [desktop-1440] › tests\qa-bo-001-auth-dashboard.spec.js:446:5 › QA-BO-001: Login + Dashboard (strict) › Dashboard — navigation from KPI cards (spec ล็อกปลายทาง) › 33. Reported Items / Comments chip → Asset Management / Reported Comments (2.4s)
  ok   69 [desktop-1440] › tests\qa-bo-017-admin-invitation-lifecycle.spec.js:217:3 › QA-BO-017: Admin Invitation Lifecycle — targeted Mission 1 coverage (AIL-010) › 2. resend → token เดิมเข้า recovery superseded → token ใหม่ activate สำเร็จ (2.1s)
  ok   70 [desktop-1440] › tests\qa-bo-001-auth-dashboard.spec.js:459:5 › QA-BO-001: Login + Dashboard (strict) › Dashboard — navigation from KPI cards (spec ล็อกปลายทาง) › 34. Offer Activity card → Offer Management (2.8s)
  ok   71 [desktop-1440] › tests\qa-bo-017-admin-invitation-lifecycle.spec.js:252:3 › QA-BO-017: Admin Invitation Lifecycle — targeted Mission 1 coverage (AIL-010) › 3. cancel → token เดิมเข้า recovery cancelled → reissue → token ใหม่ activate สำเร็จ (2.9s)
  ok   72 [desktop-1440] › tests\qa-bo-001-auth-dashboard.spec.js:468:5 › QA-BO-001: Login + Dashboard (strict) › Dashboard — navigation from KPI cards (spec ล็อกปลายทาง) › 35. Articles card → Content Management / Articles (2.7s)
  ok   73 [desktop-1440] › tests\qa-bo-017-admin-invitation-lifecycle.spec.js:290:3 › QA-BO-017: Admin Invitation Lifecycle — targeted Mission 1 coverage (AIL-010) › 4. expired → reissue → terminal history เก็บครบ + token ใหม่ activate สำเร็จ (2.6s)
  ok   75 [desktop-1440] › tests\qa-bo-017-admin-invitation-lifecycle.spec.js:324:3 › QA-BO-017: Admin Invitation Lifecycle — targeted Mission 1 coverage (AIL-010) › 5. time-derived expiry: expiresAt <= now ขณะ record ยัง Pending → resolve/commit เป็น expired (1.7s)
  ok   74 [desktop-1440] › tests\qa-bo-001-auth-dashboard.spec.js:479:5 › QA-BO-001: Login + Dashboard (strict) › Dashboard — navigation from KPI cards (spec ล็อกปลายทาง) › 36. Watch Alert card → Market Demand / Demand Overview (3.6s)
  ok   76 [desktop-1440] › tests\qa-bo-017-admin-invitation-lifecycle.spec.js:360:3 › QA-BO-017: Admin Invitation Lifecycle — targeted Mission 1 coverage (AIL-010) › 6. email เปลี่ยนหลัง issuance → target_email_normalized mismatch → account_ineligible (1.7s)
  ok   78 [desktop-1440] › tests\qa-bo-017-admin-invitation-lifecycle.spec.js:386:3 › QA-BO-017: Admin Invitation Lifecycle — targeted Mission 1 coverage (AIL-010) › 7. role revision bump (status ยัง Active) → role_ineligible ทั้ง resolve และ commit (1.7s)
  ok   77 [desktop-1440] › tests\qa-bo-001-auth-dashboard.spec.js:491:5 › QA-BO-001: Login + Dashboard (strict) › Dashboard — navigation from KPI cards (spec ล็อกปลายทาง) › 37. Policies card → Settings / Policy & Versioning (2.9s)
  ok   79 [desktop-1440] › tests\qa-bo-017-admin-invitation-lifecycle.spec.js:412:3 › QA-BO-017: Admin Invitation Lifecycle — targeted Mission 1 coverage (AIL-010) › 8. เปิดลิงก์ valid ซ้ำ (idempotent reopen) → ไม่เขียน ACCEPT audit/activity ซ้ำ (1.8s)
  ok   80 [desktop-1440] › tests\qa-bo-001-auth-dashboard.spec.js:505:5 › QA-BO-001: Login + Dashboard (strict) › Dashboard — Work Queue (7 rows ตามลำดับ) › 38. Work Queue ครบ 7 rows ตามลำดับที่ spec ล็อก (2.1s)
  ok   82 [desktop-1440] › tests\qa-bo-001-auth-dashboard.spec.js:523:5 › QA-BO-001: Login + Dashboard (strict) › Dashboard — Work Queue (7 rows ตามลำดับ) › 39. Work Queue priority ถูกต้อง (high/medium/normal) (2.2s)
  ok   83 [desktop-1440] › tests\qa-bo-001-auth-dashboard.spec.js:543:5 › QA-BO-001: Login + Dashboard (strict) › Dashboard — Work Queue (7 rows ตามลำดับ) › 40. Work Queue rows มี count + module jump (2.3s)
  ok   84 [desktop-1440] › tests\qa-bo-001-auth-dashboard.spec.js:555:5 › QA-BO-001: Login + Dashboard (strict) › Dashboard — Work Queue (7 rows ตามลำดับ) › 41. คลิก Work Queue row 1 (รายงานสินทรัพย์) → Asset Management / Reported Assets (2.4s)
  ok   81 [desktop-1440] › tests\qa-bo-017-admin-invitation-lifecycle.spec.js:432:3 › QA-BO-017: Admin Invitation Lifecycle — targeted Mission 1 coverage (AIL-010) › 9. invite replay: submit email เดิมซ้ำ → unique check block + ไม่มี duplicate account/invitation/delivery/audit (9.0s)
  ok   85 [desktop-1440] › tests\qa-bo-001-auth-dashboard.spec.js:567:5 › QA-BO-001: Login + Dashboard (strict) › Dashboard — Work Queue (7 rows ตามลำดับ) › 42. คลิก Work Queue row 2 (รายงานผู้ใช้) → User Management / Reported Users (2.8s)
  ok   86 [desktop-1440] › tests\qa-bo-017-admin-invitation-lifecycle.spec.js:471:3 › QA-BO-017: Admin Invitation Lifecycle — targeted Mission 1 coverage (AIL-010) › 10. permission denied: direct commit cancel/reissue → not_allowed + audit Failed + ไม่มี mutation (1.7s)
  ok   87 [desktop-1440] › tests\qa-bo-001-auth-dashboard.spec.js:579:5 › QA-BO-001: Login + Dashboard (strict) › Dashboard — Work Queue (7 rows ตามลำดับ) › 43. คลิก Work Queue row 4 (คำขอลบบัญชี) → Account Deletion (2.8s)
  ok   88 [desktop-1440] › tests\qa-bo-017-admin-invitation-lifecycle.spec.js:505:3 › QA-BO-017: Admin Invitation Lifecycle — targeted Mission 1 coverage (AIL-010) › 11. post-activation closure: account Active แล้ว admin-side actions ทั้งหมด not_allowed + ไม่มี invitation section (3.7s)
  ok   89 [desktop-1440] › tests\qa-bo-001-auth-dashboard.spec.js:590:5 › QA-BO-001: Login + Dashboard (strict) › Dashboard — Recent Activity › 44. Recent Activity filter 5 ตัว: ทั้งหมด/Report/Offer/Content/System (2.4s)
  ok   90 [desktop-1440] › tests\qa-bo-017-admin-invitation-lifecycle.spec.js:537:3 › QA-BO-017: Admin Invitation Lifecycle — targeted Mission 1 coverage (AIL-010) › 12. accept + activate ไม่สร้าง delivery attempt/row ใหม่ (recipient flow ไม่มี email บังคับ) (2.8s)
  ok   91 [desktop-1440] › tests\qa-bo-001-auth-dashboard.spec.js:600:5 › QA-BO-001: Login + Dashboard (strict) › Dashboard — Recent Activity › 45. filter ทำงานจริง — Report แสดงเฉพาะ report events (2.8s)
  ok   92 [desktop-1440] › tests\qa-bo-017-admin-invitation-lifecycle.spec.js:558:3 › QA-BO-017: Admin Invitation Lifecycle — targeted Mission 1 coverage (AIL-010) › 13. per-issuance audit chain: RESEND→ACCEPT→ACTIVATE อย่างละ 1 event + correlation/delivery trace ต่อกัน (2.0s)
  ok   93 [desktop-1440] › tests\qa-bo-001-auth-dashboard.spec.js:617:5 › QA-BO-001: Login + Dashboard (strict) › Dashboard — Recent Activity › 46. activity rows มี title + time + module jump (1.9s)
  ok   94 [desktop-1440] › tests\qa-bo-017-admin-invitation-lifecycle.spec.js:597:3 › QA-BO-017: Admin Invitation Lifecycle — targeted Mission 1 coverage (AIL-010) › 14. single-Pending invariant: ทุก stage มี Pending ≤1 ต่อ account และ terminal history ไม่หาย (2.6s)
  ok   95 [desktop-1440] › tests\qa-bo-001-auth-dashboard.spec.js:634:5 › QA-BO-001: Login + Dashboard (strict) › Dashboard — panels (4 cards) › 47. Dashboard panels ครบ 4: Asset Status, Offer Status, Latest Articles, Top Searched Brands (2.0s)
  ok   96 [desktop-1440] › tests\qa-bo-017-admin-invitation-lifecycle.spec.js:629:3 › QA-BO-017: Admin Invitation Lifecycle — targeted Mission 1 coverage (AIL-010) › 15. full-lifecycle secret sweep: audit/delivery/log ไม่มี raw token, password หรือ unmasked email (2.2s)
  ok   97 [desktop-1440] › tests\qa-bo-001-auth-dashboard.spec.js:647:5 › QA-BO-001: Login + Dashboard (strict) › Dashboard — panels (4 cards) › 48. Offer Status panel 6 rows ตามลำดับ status (2.0s)
  -    98 [desktop-1440] › tests\qa-bo-017-admin-invitation-lifecycle.spec.js:683:3 › QA-BO-017: Admin Invitation Lifecycle — targeted Mission 1 coverage (AIL-010) › 16. mobile-390: resend → token ใหม่ activate chain ทำงานและ render ถูกบนจอเล็ก
  ok   99 [desktop-1440] › tests\qa-bo-001-auth-dashboard.spec.js:656:5 › QA-BO-001: Login + Dashboard (strict) › Dashboard — panels (4 cards) › 49. Latest Articles panel 3 rows พร้อม status value (1.9s)
  ok  100 [desktop-1440] › tests\qa-bo-019a-my-account.spec.js:75:3 › QA-BO-019a: My Account — entry & navigation › 1. .admin-box เป็น button entry (#my-account-entry) แสดงชื่อ + role ใน sidebar footer (2.2s)
  ok  101 [desktop-1440] › tests\qa-bo-001-auth-dashboard.spec.js:669:5 › QA-BO-001: Login + Dashboard (strict) › Dashboard — panels (4 cards) › 50. Top Searched Brands panel 5 brands พร้อม percent + bar (2.3s)
  ok  102 [desktop-1440] › tests\qa-bo-019a-my-account.spec.js:87:3 › QA-BO-019a: My Account — entry & navigation › 2. คลิก .admin-box → เข้าหน้า My Account (body.my-account-mode + header/breadcrumb) (2.7s)
  ok  103 [desktop-1440] › tests\qa-bo-001-auth-dashboard.spec.js:682:5 › QA-BO-001: Login + Dashboard (strict) › Dashboard — panels (4 cards) › 51. Offer Status rows → Offer Management (2.1s)
  ok  104 [desktop-1440] › tests\qa-bo-019a-my-account.spec.js:99:3 › QA-BO-019a: My Account — entry & navigation › 3. My Account ไม่อยู่ใน navGroups / Settings submenu (ไม่มี nav-item หรือ submenu button) (1.9s)
  ok  105 [desktop-1440] › tests\qa-bo-001-auth-dashboard.spec.js:693:5 › QA-BO-001: Login + Dashboard (strict) › Dashboard — panels (4 cards) › 52. Latest Articles rows → Content Management (2.5s)
  ok  106 [desktop-1440] › tests\qa-bo-019a-my-account.spec.js:109:3 › QA-BO-019a: My Account — entry & navigation › 4. เมื่ออยู่หน้า My Account ไม่มี nav item ไหนถูก highlight (อยู่นอก nav) — entry .admin-box แสดง active state แทน (3.5s)
  ok  107 [desktop-1440] › tests\qa-bo-001-auth-dashboard.spec.js:704:5 › QA-BO-001: Login + Dashboard (strict) › Dashboard — panels (4 cards) › 53. Top Searched Brands rows → Market Demand / Search Insights (1.7s)
  ok  109 [desktop-1440] › tests\qa-bo-001-auth-dashboard.spec.js:720:5 › QA-BO-001: Login + Dashboard (strict) › Dashboard — menu active state › 54. menu Dashboard active เมื่ออยู่ในหน้า Dashboard (2.4s)
  ok  108 [desktop-1440] › tests\qa-bo-019a-my-account.spec.js:124:3 › QA-BO-019a: My Account — entry & navigation › 5. keyboard: focus .admin-box แล้วกด Enter → เข้าหน้า My Account ได้ (2.7s)
  ok  110 [desktop-1440] › tests\qa-bo-001-auth-dashboard.spec.js:727:5 › QA-BO-001: Login + Dashboard (strict) › Dashboard — menu active state › 55. คลิก metric card แล้ว menu active เปลี่ยน + Dashboard ไม่ active (2.7s)
  ok  111 [desktop-1440] › tests\qa-bo-019a-my-account.spec.js:135:3 › QA-BO-019a: My Account — entry & navigation › 6. Logout button ยังทำงานปกติ (ไม่ถูก .admin-box กลืน) (3.3s)
  ok  112 [desktop-1440] › tests\qa-bo-001-auth-dashboard.spec.js:741:5 › QA-BO-001: Login + Dashboard (strict) › Dashboard — responsive section order (mobile) › 56. mobile 390px: ลำดับ Header → KPI → Work Queue → Activity → Panels (2.4s)
  ok  113 [desktop-1440] › tests\qa-bo-019a-my-account.spec.js:151:3 › QA-BO-019a: My Account — page rendering › 7. แสดง section Account Summary พร้อม detail-grid ครบ 6 tiles (Admin ID + Name editable + Email/Role/Status/Last Login) (2.4s)
  ok  114 [desktop-1440] › tests\qa-bo-001-auth-dashboard.spec.js:762:5 › QA-BO-001: Login + Dashboard (strict) › Dashboard — responsive content completeness › 57. mobile 390px: KPI 8 cards + Work Queue 7 rows ไม่หาย (2.9s)
  ok  115 [desktop-1440] › tests\qa-bo-019a-my-account.spec.js:164:3 › QA-BO-019a: My Account — page rendering › 8. แสดง Name ปัจจุบันของ self account (2.5s)
  ok  116 [desktop-1440] › tests\qa-bo-001-auth-dashboard.spec.js:772:5 › QA-BO-001: Login + Dashboard (strict) › Dashboard — responsive content completeness › 58. tablet 768px: ครบทุก section (2.6s)
  ok  117 [desktop-1440] › tests\qa-bo-019a-my-account.spec.js:169:3 › QA-BO-019a: My Account — page rendering › 9. read-only tiles: Admin ID / Email / Role / Status / Last Login ตรง mock self account (2.7s)
  ok  118 [desktop-1440] › tests\qa-bo-001-auth-dashboard.spec.js:783:5 › QA-BO-001: Login + Dashboard (strict) › Dashboard — responsive content completeness › 59. desktop 1280px: ครบทุก section (2.8s)
  ok  119 [desktop-1440] › tests\qa-bo-019a-my-account.spec.js:178:3 › QA-BO-019a: My Account — page rendering › 10. มีปุ่ม Change Password (security actions) + Active Sessions section (AIL-022) และไม่ expose internal roadmap copy (2.4s)
  ok  121 [desktop-1440] › tests\qa-bo-019a-my-account.spec.js:189:3 › QA-BO-019a: My Account — page rendering › 11. ไม่มีฟิลด์ password/OTP บนหน้า My Account (current scope: ไม่มี OTP/MFA/2FA) (2.3s)
  ok  120 [desktop-1440] › tests\qa-bo-001-auth-dashboard.spec.js:794:5 › QA-BO-001: Login + Dashboard (strict) › Dashboard — responsive content completeness › 60. desktop 1440px: ครบทุก section (2.6s)
  ok  122 [desktop-1440] › tests\qa-bo-019a-my-account.spec.js:201:3 › QA-BO-019a: My Account — edit Name toggle & validation › 12. กด Edit → modal แก้ไขชื่อเปิด พร้อม input ค่าปัจจุบัน + ปุ่ม ยกเลิก/บันทึก (2.9s)
  ok  124 [desktop-1440] › tests\qa-bo-019a-my-account.spec.js:214:3 › QA-BO-019a: My Account — edit Name toggle & validation › 13. กด ยกเลิก → กลับ view mode ชื่อไม่เปลี่ยน (3.2s)
  ok  123 [desktop-1440] › tests\qa-bo-001-auth-dashboard.spec.js:807:5 › QA-BO-001: Login + Dashboard (strict) › Login — responsive all 4 viewports › 61. ทุก viewport: login screen แสดง + form ใช้งานได้ (7.2s)
  ok  125 [desktop-1440] › tests\qa-bo-019a-my-account.spec.js:225:3 › QA-BO-019a: My Account — edit Name toggle & validation › 14. validation: ชื่อว่าง → error ใต้ field + input invalid (2.8s)
  ok  126 [desktop-1440] › tests\qa-bo-019b-my-account-change-password.spec.js:79:3 › QA-BO-019b: Change Password — security section & entry › 1. Security actions แสดงปุ่ม เปลี่ยนรหัสผ่าน (action เดียว ไม่มี heading/tile — password ไม่ render บนหน้า) (2.8s)
  ok  127 [desktop-1440] › tests\qa-bo-019a-my-account.spec.js:237:3 › QA-BO-019a: My Account — edit Name toggle & validation › 15. validation: ชื่อเป็น whitespace ล้วน → trim แล้ว error เหมือนค่าว่าง (2.8s)
  ok  128 [desktop-1440] › tests\qa-bo-019b-my-account-change-password.spec.js:94:3 › QA-BO-019b: Change Password — security section & entry › 2. ไม่มี plaintext password บนหน้า/DOM (mask เท่านั้น — credential store ไม่ render) (2.4s)
  ok  129 [desktop-1440] › tests\qa-bo-019a-my-account.spec.js:246:3 › QA-BO-019a: My Account — edit Name toggle & validation › 16. validation: ชื่อเกิน 100 ตัวอักษร → error (bypass maxlength ผ่าน JS) (2.9s)
  ok  130 [desktop-1440] › tests\qa-bo-019b-my-account-change-password.spec.js:107:3 › QA-BO-019b: Change Password — modal open/close & fields › 3. กด เปลี่ยนรหัสผ่าน → modal เปิด ครบ 3 password fields + policy checklist + ปุ่ม footer (2.9s)
  ok  131 [desktop-1440] › tests\qa-bo-019a-my-account.spec.js:260:3 › QA-BO-019a: My Account — edit Name toggle & validation › 17. input มี maxlength=100 ตาม contract (2.7s)
  ok  132 [desktop-1440] › tests\qa-bo-019b-my-account-change-password.spec.js:122:3 › QA-BO-019b: Change Password — modal open/close & fields › 4. autocomplete=off ทุก field (prototype — กัน browser autofill ค่าที่เคยกรอกกลับมา) (2.9s)
  ok  133 [desktop-1440] › tests\qa-bo-019a-my-account.spec.js:266:3 › QA-BO-019a: My Account — edit Name toggle & validation › 18. พิมพ์ใหม่หลัง error → error ถูกเคลียร์ (3.3s)
  ok  134 [desktop-1440] › tests\qa-bo-019b-my-account-change-password.spec.js:129:3 › QA-BO-019b: Change Password — modal open/close & fields › 5. กด ยกเลิก → modal ปิด + credential ไม่เปลี่ยน + ไม่สร้าง audit (3.1s)
  ok  135 [desktop-1440] › tests\qa-bo-019a-my-account.spec.js:284:3 › QA-BO-019a: My Account — save flow, no-op, audit › 19. บันทึกชื่อใหม่ → success toast + ชื่อบนหน้าและ sidebar footer อัปเดต (2.9s)
  ok  136 [desktop-1440] › tests\qa-bo-019b-my-account-change-password.spec.js:140:3 › QA-BO-019b: Change Password — modal open/close & fields › 6. password toggle show/hide ทำงานทุก field (eye ↔ eyeOff) (3.1s)
  ok  137 [desktop-1440] › tests\qa-bo-019a-my-account.spec.js:301:3 › QA-BO-019a: My Account — save flow, no-op, audit › 20. trim: ชื่อใหม่ที่มี space หน้า/หลัง → บันทึกค่าที่ trim แล้ว (3.5s)
  ok  138 [desktop-1440] › tests\qa-bo-019b-my-account-change-password.spec.js:156:3 › QA-BO-019b: Change Password — validation & live policy › 7. submit ทุก field ว่าง → error ใต้ current field + input invalid (2.8s)
  ok  139 [desktop-1440] › tests\qa-bo-019a-my-account.spec.js:310:3 › QA-BO-019a: My Account — save flow, no-op, audit › 21. save สำเร็จ → สร้าง audit ADMIN_PROFILE_UPDATE (module My Account, ไม่มี secret) (2.7s)
  ok  140 [desktop-1440] › tests\qa-bo-019b-my-account-change-password.spec.js:166:3 › QA-BO-019b: Change Password — validation & live policy › 8. current ผิด → error 'รหัสผ่านปัจจุบันไม่ถูกต้อง' + fail count เพิ่ม + ไม่ commit (3.3s)
  ok  141 [desktop-1440] › tests\qa-bo-019a-my-account.spec.js:337:3 › QA-BO-019a: My Account — save flow, no-op, audit › 22. no-op: บันทึกชื่อเดิม → toast ไม่มีการเปลี่ยนแปลง + ไม่สร้าง audit + revision คงเดิม (2.9s)
  ok  142 [desktop-1440] › tests\qa-bo-019b-my-account-change-password.spec.js:178:3 › QA-BO-019b: Change Password — validation & live policy › 9. new ว่าง → error 'กรุณากรอกรหัสผ่านใหม่' (2.9s)
  ok  143 [desktop-1440] › tests\qa-bo-019a-my-account.spec.js:352:3 › QA-BO-019a: My Account — save flow, no-op, audit › 23. Enter ใน input → save เหมือนกดปุ่มบันทึก (2.8s)
  ok  144 [desktop-1440] › tests\qa-bo-019b-my-account-change-password.spec.js:186:3 › QA-BO-019b: Change Password — validation & live policy › 10. new ไม่ผ่าน policy → error + checklist แสดง rule ที่ไม่ผ่าน (3.0s)
  ok  145 [desktop-1440] › tests\qa-bo-019a-my-account.spec.js:362:3 › QA-BO-019a: My Account — save flow, no-op, audit › 24. stale revision → reject ไม่ commit + error toast (ข้อมูลเปลี่ยนระหว่างแก้ไข) (2.9s)
  ok  146 [desktop-1440] › tests\qa-bo-019b-my-account-change-password.spec.js:199:3 › QA-BO-019b: Change Password — validation & live policy › 11. live checklist: พิมพ์ new password ผ่าน policy → ทุก rule data-pass=true ทันที (4.2s)
  ok  147 [desktop-1440] › tests\qa-bo-019a-my-account.spec.js:386:3 › QA-BO-019a: My Account — states & access gating › 25. scenario Loading → skeleton/state block loading แสดง (3.3s)
  ok  148 [desktop-1440] › tests\qa-bo-019b-my-account-change-password.spec.js:212:3 › QA-BO-019b: Change Password — validation & live policy › 12. confirm ว่าง → error 'กรุณายืนยันรหัสผ่านใหม่' (3.5s)
  ok  149 [desktop-1440] › tests\qa-bo-019a-my-account.spec.js:393:3 › QA-BO-019a: My Account — states & access gating › 26. scenario Load Error → error block + ปุ่มลองอีกครั้ง → retry กลับมา ready (4.7s)
  ok  150 [desktop-1440] › tests\qa-bo-019b-my-account-change-password.spec.js:220:3 › QA-BO-019b: Change Password — validation & live policy › 13. confirm ไม่ตรง new → error 'รหัสผ่านไม่ตรงกัน' (2.9s)
  ok  151 [desktop-1440] › tests\qa-bo-019a-my-account.spec.js:404:3 › QA-BO-019a: My Account — states & access gating › 27. scenario Session Expired → state block + ปุ่มกลับไปหน้า Login (3.8s)
  ok  152 [desktop-1440] › tests\qa-bo-019b-my-account-change-password.spec.js:228:3 › QA-BO-019b: Change Password — validation & live policy › 14. new เหมือน current → error 'รหัสผ่านใหม่ต้องไม่ซ้ำกับรหัสผ่านปัจจุบัน' (หลังเปลี่ยนเป็นรหัสที่ผ่าน policy) (3.9s)
  ok  153 [desktop-1440] › tests\qa-bo-019a-my-account.spec.js:415:3 › QA-BO-019a: My Account — states & access gating › 28. self account ไม่ใช่ Active → page gate แสดง session-expired (permission beyond UI) (2.6s)
  ok  154 [desktop-1440] › tests\qa-bo-019b-my-account-change-password.spec.js:246:3 › QA-BO-019b: Change Password — validation & live policy › 15. พิมพ์ใหม่หลัง error → error ถูกเคลียร์ทันที (3.1s)
  ok  155 [desktop-1440] › tests\qa-bo-019a-my-account.spec.js:430:3 › QA-BO-019a: My Account — states & access gating › 29. save ถูก reject เมื่อ self account ไม่ใช่ Active ระหว่างแก้ไข (boundary check ระดับ commit) (2.8s)
  ok  156 [desktop-1440] › tests\qa-bo-019b-my-account-change-password.spec.js:262:3 › QA-BO-019b: Change Password — commit & audit › 16. เปลี่ยนสำเร็จ → success toast + credential อัปเดต + revision/sessionRevision bump + modal ปิด (3.2s)
  ok  157 [desktop-1440] › tests\qa-bo-019a-my-account.spec.js:449:3 › QA-BO-019a: My Account — states & access gating › 30. self-only: ไม่มี target admin id param — resolve จาก auth.admin.accountId เท่านั้น (2.4s)
  ok  158 [desktop-1440] › tests\qa-bo-019b-my-account-change-password.spec.js:281:3 › QA-BO-019b: Change Password — commit & audit › 17. เปลี่ยนสำเร็จ → audit ADMIN_PASSWORD_CHANGE (module My Account, risk High, ไม่มี password ใน payload) (3.5s)
  ok  159 [desktop-1440] › tests\qa-bo-019a-my-account.spec.js:468:3 › QA-BO-019a: My Account — regression การนำทาง › 31. ออกจาก My Account ไป Dashboard → my-account-mode ถูกถอด + state กลับ ready (4.3s)
  ok  160 [desktop-1440] › tests\qa-bo-019b-my-account-change-password.spec.js:302:3 › QA-BO-019b: Change Password — commit & audit › 18. Enter ใน field → submit เหมือนกดปุ่มเปลี่ยนรหัสผ่าน (3.3s)
  ok  161 [desktop-1440] › tests\qa-bo-019a-my-account.spec.js:484:3 › QA-BO-019a: My Account — regression การนำทาง › 32. my-account-mode ไม่ leak ไปหน้า Settings > Support Center (3.4s)
  ok  162 [desktop-1440] › tests\qa-bo-019b-my-account-change-password.spec.js:311:3 › QA-BO-019b: Change Password — commit & audit › 19. fail count reset หลังเปลี่ยนสำเร็จ (attempt ก่อนหน้าไม่ติดลบค้าง) (3.7s)
  ok  163 [desktop-1440] › tests\qa-bo-019c-my-account-active-sessions.spec.js:72:3 › QA-BO-019c: Active Sessions — section & list rendering › 1. Active Sessions section แสดงบนหน้า My Account (heading + note + session list) (2.9s)
  ok  164 [desktop-1440] › tests\qa-bo-019b-my-account-change-password.spec.js:331:3 › QA-BO-019b: Change Password — rate limit cooldown › 20. current ผิดครบ 5 ครั้ง → cooldown: submit disabled + countdown + audit Failed/RATE_LIMITED (3.1s)
  ok  165 [desktop-1440] › tests\qa-bo-019c-my-account-active-sessions.spec.js:81:3 › QA-BO-019c: Active Sessions — section & list rendering › 2. current session แสดงแถวแรก + pill 'อุปกรณ์นี้' + 'กำลังใช้งาน' + ไม่มีปุ่มออกจากระบบ (2.5s)
  ok  167 [desktop-1440] › tests\qa-bo-019c-my-account-active-sessions.spec.js:93:3 › QA-BO-019c: Active Sessions — section & list rendering › 3. session อื่นแสดง metadata ครบ (device·browser / location / masked IP / last active) + ปุ่มออกจากระบบ (2.8s)
  ok  166 [desktop-1440] › tests\qa-bo-019b-my-account-change-password.spec.js:354:3 › QA-BO-019b: Change Password — rate limit cooldown › 21. cooldown คงอยู่ข้ามการปิด/เปิด modal (state ระดับ account ไม่ใช่ modal) (3.8s)
  ok  168 [desktop-1440] › tests\qa-bo-019c-my-account-active-sessions.spec.js:104:3 › QA-BO-019c: Active Sessions — section & list rendering › 4. IP ทุก session ถูก mask (มี .xx) — ไม่ render full IPv4 บนหน้า (2.1s)
  ok  169 [desktop-1440] › tests\qa-bo-019b-my-account-change-password.spec.js:373:3 › QA-BO-019b: Change Password — rate limit cooldown › 22. submit ระหว่าง cooldown → no-op (guard ระดับ function ไม่พึ่ง disabled เพียงอย่างเดียว) (3.1s)
  ok  170 [desktop-1440] › tests\qa-bo-019c-my-account-active-sessions.spec.js:113:3 › QA-BO-019c: Active Sessions — section & list rendering › 5. ไม่มี session secret/token หลุดบน DOM (render เฉพาะ metadata ที่ mask แล้ว) (2.4s)
  ok  172 [desktop-1440] › tests\qa-bo-019c-my-account-active-sessions.spec.js:124:3 › QA-BO-019c: Active Sessions — revoke modal flow › 6. กด ออกจากระบบ → confirm modal เปิดพร้อม session summary + impact warning + ปุ่ม footer (2.8s)
  ok  171 [desktop-1440] › tests\qa-bo-019b-my-account-change-password.spec.js:388:3 › QA-BO-019b: Change Password — rate limit cooldown › 23. cooldown หมด → submit กลับมาใช้ได้ + fail count reset (4.8s)
  ok  173 [desktop-1440] › tests\qa-bo-019c-my-account-active-sessions.spec.js:139:3 › QA-BO-019c: Active Sessions — revoke modal flow › 7. กด ยกเลิก → modal ปิด + session ยัง Active + ไม่สร้าง audit (2.8s)
  ok  175 [desktop-1440] › tests\qa-bo-019c-my-account-active-sessions.spec.js:153:3 › QA-BO-019c: Active Sessions — revoke modal flow › 8. ยืนยัน revoke → session หลุดจาก list + status=Revoked + success toast (2.9s)
  ok  174 [desktop-1440] › tests\qa-bo-019b-my-account-change-password.spec.js:404:3 › QA-BO-019b: Change Password — rate limit cooldown › 24. cooldown หมดตอน modal ปิด → เปิดใหม่ไม่มี banner + counter reset (attempt ใหม่นับจาก 1) (5.4s)
  ok  176 [desktop-1440] › tests\qa-bo-019c-my-account-active-sessions.spec.js:170:3 › QA-BO-019c: Active Sessions — revoke modal flow › 9. revoke ครบทุก session อื่น → เหลือเฉพาะ current session (3.8s)
  ok  177 [desktop-1440] › tests\qa-bo-019b-my-account-change-password.spec.js:434:3 › QA-BO-019b: Change Password — boundary checks › 25. stale revision → reject ไม่ commit + error toast (revision เปลี่ยนระหว่างเปิด modal) (3.2s)
  ok  178 [desktop-1440] › tests\qa-bo-019c-my-account-active-sessions.spec.js:187:3 › QA-BO-019c: Active Sessions — audit › 10. revoke สำเร็จ → audit ADMIN_SESSION_REVOKE พอดี 1 event (module My Account, risk Medium) (3.0s)
  ok  179 [desktop-1440] › tests\qa-bo-019b-my-account-change-password.spec.js:450:3 › QA-BO-019b: Change Password — boundary checks › 26. self account ไม่ใช่ Active ตอน commit → reject (boundary check ระดับ commit) (3.4s)
  ok  180 [desktop-1440] › tests\qa-bo-019c-my-account-active-sessions.spec.js:208:3 › QA-BO-019c: Active Sessions — audit › 11. audit ไม่ลงข้อมูลลับ — ไม่มี password/token/full IP (masked IP เท่านั้น) (3.0s)
  ok  181 [desktop-1440] › tests\qa-bo-019b-my-account-change-password.spec.js:467:3 › QA-BO-019b: Change Password — boundary checks › 27. self-only: auth.admin.accountId เปลี่ยนเป็น account อื่นระหว่างเปิด modal → commit ถูก reject (3.4s)
  ok  182 [desktop-1440] › tests\qa-bo-019c-my-account-active-sessions.spec.js:228:3 › QA-BO-019c: Active Sessions — boundary checks › 12. stale commit: account revision เปลี่ยนระหว่างเปิด modal → reject + error toast + session คงอยู่ (3.3s)
  ok  183 [desktop-1440] › tests\qa-bo-019b-my-account-change-password.spec.js:485:3 › QA-BO-019b: Change Password — regression › 28. ปิด modal แล้ว state/class ถูกล้าง — ไม่ค้าง my-account-password-modal หรือ password field (3.5s)
  ok  184 [desktop-1440] › tests\qa-bo-019c-my-account-active-sessions.spec.js:248:3 › QA-BO-019c: Active Sessions — boundary checks › 13. session ถูก revoke ไปแล้วระหว่างเปิด modal → warning toast + ไม่ commit ซ้ำ + ไม่สร้าง audit (3.0s)
  ok  185 [desktop-1440] › tests\qa-bo-019b-my-account-change-password.spec.js:496:3 › QA-BO-019b: Change Password — regression › 29. Edit Name flow เดิมยังทำงานปกติหลังมี Change Password (regression AIL-020) (2.8s)
  ok  186 [desktop-1440] › tests\qa-bo-019c-my-account-active-sessions.spec.js:267:3 › QA-BO-019c: Active Sessions — boundary checks › 14. current session revoke ผ่าน function ตรง ๆ → reject (ไม่เปิด modal) + warning toast (2.8s)
  ok  187 [desktop-1440] › tests\qa-bo-019d-my-account-logout-all.spec.js:73:3 › QA-BO-019d: Logout All Devices — entry button › 1. ปุ่ม ออกจากระบบทุกอุปกรณ์ แสดงท้าย Active Sessions section หลัง session list (warning style) (2.3s)
  ok  188 [desktop-1440] › tests\qa-bo-019c-my-account-active-sessions.spec.js:279:3 › QA-BO-019c: Active Sessions — boundary checks › 15. self account ไม่ใช่ Active ระหว่างเปิด modal → confirm reject + session คงอยู่ (3.3s)
  ok  189 [desktop-1440] › tests\qa-bo-019d-my-account-logout-all.spec.js:95:3 › QA-BO-019d: Logout All Devices — confirm modal › 2. กดปุ่ม → confirm modal เปิดพร้อม session count + current device highlight + impact warning + footer (2.9s)
  ok  190 [desktop-1440] › tests\qa-bo-019c-my-account-active-sessions.spec.js:302:3 › QA-BO-019c: Active Sessions — boundary checks › 16. self-only: auth.admin.accountId ชี้ account อื่น → confirm ไม่ commit (identity resolve จาก auth เท่านั้น) (3.3s)
  ok  191 [desktop-1440] › tests\qa-bo-019d-my-account-logout-all.spec.js:114:3 › QA-BO-019d: Logout All Devices — confirm modal › 3. กด ยกเลิก → modal ปิด + ทุก session ยัง Active + ไม่สร้าง audit + ไม่กลับหน้า Login (3.1s)
  ok  192 [desktop-1440] › tests\qa-bo-019c-my-account-active-sessions.spec.js:321:3 › QA-BO-019c: Active Sessions — sessionRevision linkage › 17. เปลี่ยนรหัสผ่านสำเร็จ → sessionRevision bump → session อื่นหลุดจาก list เหลือแค่ current (3.1s)
  ok  193 [desktop-1440] › tests\qa-bo-019d-my-account-logout-all.spec.js:136:3 › QA-BO-019d: Logout All Devices — confirm & teardown › 4. ยืนยัน → ทุก session (รวม current) ถูก Revoked + กลับหน้า Login (ไม่มี toast ลอยทับ) (3.6s)
  ok  194 [desktop-1440] › tests\qa-bo-019c-my-account-active-sessions.spec.js:341:3 › QA-BO-019c: Active Sessions — sessionRevision linkage › 18. sessionRevision bump จากอุปกรณ์อื่น → current session stale → session-expired gate (AIL-023b uniform epoch) (4.3s)
  ok  195 [desktop-1440] › tests\qa-bo-019d-my-account-logout-all.spec.js:157:3 › QA-BO-019d: Logout All Devices — confirm & teardown › 5. login ใหม่หลัง teardown → My Account แสดง current session ใหม่ (lazy issuance) (4.0s)
  ok  196 [desktop-1440] › tests\qa-bo-019c-my-account-active-sessions.spec.js:377:3 › QA-BO-019c: Active Sessions — responsive & regression › 19. responsive: session rows + revoke action render/ใช้งานได้ทุก viewport (3.1s)
  ok  197 [desktop-1440] › tests\qa-bo-019d-my-account-logout-all.spec.js:186:3 › QA-BO-019d: Logout All Devices — audit › 6. ยืนยันสำเร็จ → audit ADMIN_SESSION_REVOKE_ALL พอดี 1 event (aggregate, module My Account, risk Medium) (3.3s)
  ok  198 [desktop-1440] › tests\qa-bo-019c-my-account-active-sessions.spec.js:395:3 › QA-BO-019c: Active Sessions — responsive & regression › 20. regression: Edit Name + Change Password + scenario tools ยังทำงานหลังเพิ่ม section (3.8s)
  ok  199 [desktop-1440] › tests\qa-bo-019d-my-account-logout-all.spec.js:207:3 › QA-BO-019d: Logout All Devices — audit › 7. audit ไม่ลงข้อมูลลับ — ไม่มี password/token/secret/full IP (3.3s)
  ok  200 [desktop-1440] › tests\qa-bo-019e-my-account-session-expired.spec.js:83:3 › QA-BO-019e: Session Expired — system triggers › 1. idle timeout: lastActiveTs เกิน 8h → gate expired + sweep flip status=Expired (2.7s)
  ok  201 [desktop-1440] › tests\qa-bo-019d-my-account-logout-all.spec.js:225:3 › QA-BO-019d: Logout All Devices — boundary checks › 8. stale commit: revision เปลี่ยนระหว่างเปิด modal → reject + error toast + sessions คงอยู่ + ไม่กลับ Login (3.4s)
  ok  202 [desktop-1440] › tests\qa-bo-019e-my-account-session-expired.spec.js:101:3 › QA-BO-019e: Session Expired — system triggers › 2. max session lifetime: signedInTs เกิน 24h → gate expired + reason Max session lifetime (2.5s)
  ok  203 [desktop-1440] › tests\qa-bo-019d-my-account-logout-all.spec.js:248:3 › QA-BO-019d: Logout All Devices — boundary checks › 9. ไม่มี active session ระหว่างเปิด modal → confirm reject + warning toast + ไม่กลับ Login (3.2s)
  ok  204 [desktop-1440] › tests\qa-bo-019e-my-account-session-expired.spec.js:117:3 › QA-BO-019e: Session Expired — system triggers › 3. session ถูก revoke จากอุปกรณ์อื่น (status=Revoked) → render ถัดไป gate expired (3.3s)
  ok  205 [desktop-1440] › tests\qa-bo-019d-my-account-logout-all.spec.js:264:3 › QA-BO-019d: Logout All Devices — boundary checks › 10. self account ไม่ใช่ Active ระหว่างเปิด modal → confirm reject + sessions คงอยู่ (3.3s)
  ok  206 [desktop-1440] › tests\qa-bo-019e-my-account-session-expired.spec.js:129:3 › QA-BO-019e: Session Expired — system triggers › 4. sessionRevision stale: epoch bump จาก context อื่น → current session invalid → gate expired (2.4s)
  ok  207 [desktop-1440] › tests\qa-bo-019d-my-account-logout-all.spec.js:287:3 › QA-BO-019d: Logout All Devices — boundary checks › 11. self-only: auth.admin.accountId ชี้ account อื่น → confirm ไม่ commit (identity resolve จาก auth เท่านั้น) (3.2s)
  ok  208 [desktop-1440] › tests\qa-bo-019e-my-account-session-expired.spec.js:143:3 › QA-BO-019e: Session Expired — system triggers › 5. session watch: revoke จาก context อื่นโดยไม่ render → หน้า flip เป็น expired เอง (3.6s)
  ok  209 [desktop-1440] › tests\qa-bo-019d-my-account-logout-all.spec.js:303:3 › QA-BO-019d: Logout All Devices — boundary checks › 12. ไม่มี active session → เปิด modal ผ่าน function ตรง ๆ → reject (ไม่เปิด modal) + warning toast (2.6s)
  ok  210 [desktop-1440] › tests\qa-bo-019e-my-account-session-expired.spec.js:156:3 › QA-BO-019e: Session Expired — system triggers › 6. session อื่น idle เกิน 8h → หลุดจาก list + sweep เป็น Expired — แต่หน้าไม่ gate (2.6s)
  ok  212 [desktop-1440] › tests\qa-bo-019e-my-account-session-expired.spec.js:171:3 › QA-BO-019e: Session Expired — system triggers › 7. currentSessionId ชี้ session ที่ไม่มีใน registry → gate expired (2.6s)
  ok  211 [desktop-1440] › tests\qa-bo-019d-my-account-logout-all.spec.js:321:3 › QA-BO-019d: Logout All Devices — responsive & regression › 13. responsive: ปุ่ม + modal + teardown flow ทำงานครบทุก viewport (4.0s)
  ok  213 [desktop-1440] › tests\qa-bo-019e-my-account-session-expired.spec.js:186:3 › QA-BO-019e: Session Expired — state block & CTA › 8. expired block: title + subtitle + CTA กลับไปหน้า Login (generic message ไม่บอกสาเหตุ) (2.8s)
  ok  214 [desktop-1440] › tests\qa-bo-019d-my-account-logout-all.spec.js:337:3 › QA-BO-019d: Logout All Devices — responsive & regression › 14. regression: per-session revoke + Edit Name + Change Password ยังทำงาน (4.3s)
  ok  215 [desktop-1440] › tests\qa-bo-019e-my-account-session-expired.spec.js:204:3 › QA-BO-019e: Session Expired — state block & CTA › 9. CTA กลับไปหน้า Login → teardown + login screen เปล่า (copy บน expired block อธิบายแล้ว) (3.4s)
  ok  216 [desktop-1440] › tests\qa-bo-020-forgot-password.spec.js:69:3 › QA-BO-020: Forgot Password — entry & structure › 1. ปุ่ม ลืมรหัสผ่าน? บนหน้า Login กดได้ → เปิด forgot screen และซ่อน login (1.7s)
  ok  218 [desktop-1440] › tests\qa-bo-020-forgot-password.spec.js:81:3 › QA-BO-020: Forgot Password — entry & structure › 2. ready state: title + email field (type/autocomplete) + submit + back link + scenario tools (1.5s)
  ok  219 [desktop-1440] › tests\qa-bo-020-forgot-password.spec.js:94:3 › QA-BO-020: Forgot Password — entry & structure › 3. ลิงก์ กลับไปหน้า Login → กลับ login screen และ login ได้ตามเดิม (1.5s)
  ok  220 [desktop-1440] › tests\qa-bo-020-forgot-password.spec.js:111:3 › QA-BO-020: Forgot Password — validation › 4. email ว่าง → field error + ไม่สร้าง request/audit (1.5s)
  ok  217 [desktop-1440] › tests\qa-bo-019e-my-account-session-expired.spec.js:221:3 › QA-BO-019e: Session Expired — state block & CTA › 10. re-login หลัง expired → session ใหม่ถูกออก → My Account ใช้ได้ + session เดิมคง Expired/Revoked (5.0s)
  ok  221 [desktop-1440] › tests\qa-bo-020-forgot-password.spec.js:122:3 › QA-BO-020: Forgot Password — validation › 5. email ผิดรูปแบบ → field error + ไม่สร้าง request/audit (2.3s)
  ok  222 [desktop-1440] › tests\qa-bo-019e-my-account-session-expired.spec.js:246:3 › QA-BO-019e: Session Expired — state block & CTA › 11. user-initiated logout → login screen โดยไม่มี session-expired message (แยกจาก system expiry) (3.5s)
  ok  223 [desktop-1440] › tests\qa-bo-020-forgot-password.spec.js:133:3 › QA-BO-020: Forgot Password — validation › 6. พิมพ์แก้ email → field error ถูกเคลียร์ (2.3s)
  ok  225 [desktop-1440] › tests\qa-bo-020-forgot-password.spec.js:148:3 › QA-BO-020: Forgot Password — generic response › 7. eligible Active account → accepted state พร้อม generic message (2.7s)
  ok  224 [desktop-1440] › tests\qa-bo-019e-my-account-session-expired.spec.js:256:3 › QA-BO-019e: Session Expired — state block & CTA › 12. scenario tool เลือก Ready ขณะ session invalid จริง → guard override กลับเป็น expired (demo tool ไม่ข้าม contract) (4.6s)
  ok  226 [desktop-1440] › tests\qa-bo-020-forgot-password.spec.js:155:3 › QA-BO-020: Forgot Password — generic response › 8. unknown email → accepted message เหมือน eligible ทุกตัวอักษร และไม่สร้าง request/audit/delivery (3.1s)
  ok  227 [desktop-1440] › tests\qa-bo-019e-my-account-session-expired.spec.js:274:3 › QA-BO-019e: Session Expired — commit guards › 13. edit-name mid-modal: current session revoked → save reject + ไม่ commit + gate expired (3.5s)
  ok  228 [desktop-1440] › tests\qa-bo-020-forgot-password.spec.js:167:3 › QA-BO-020: Forgot Password — generic response › 9. Suspended account → accepted เหมือนเดิม + audit Failed ACCOUNT_INELIGIBLE (ไม่ออก token) (2.3s)
  ok  229 [desktop-1440] › tests\qa-bo-019e-my-account-session-expired.spec.js:293:3 › QA-BO-019e: Session Expired — commit guards › 14. change-password mid-modal: current session expired → save reject + password ไม่เปลี่ยน + ไม่สร้าง audit (3.1s)
  ok  230 [desktop-1440] › tests\qa-bo-020-forgot-password.spec.js:183:3 › QA-BO-020: Forgot Password — generic response › 10. Invited account → accepted เหมือนเดิม + audit Failed ACCOUNT_INELIGIBLE (2.3s)
  ok  232 [desktop-1440] › tests\qa-bo-020-forgot-password.spec.js:194:3 › QA-BO-020: Forgot Password — generic response › 11. Locked (failed login) → eligible: ออก token จริง แต่ UI ยัง generic เหมือนเดิม (2.7s)
  ok  231 [desktop-1440] › tests\qa-bo-019e-my-account-session-expired.spec.js:314:3 › QA-BO-019e: Session Expired — commit guards › 15. revoke-session mid-modal: current session revoked จากที่อื่น → confirm reject + target คงอยู่ (3.9s)
  ok  233 [desktop-1440] › tests\qa-bo-020-forgot-password.spec.js:204:3 › QA-BO-020: Forgot Password — generic response › 12. cooldown scenario → accepted เหมือนเดิม + audit COOLDOWN_ACTIVE + ไม่ออก RST ใหม่ (2.9s)
  ok  234 [desktop-1440] › tests\qa-bo-019e-my-account-session-expired.spec.js:332:3 › QA-BO-019e: Session Expired — commit guards › 16. logout-all mid-modal: current session revoked → confirm reject + sessions อื่นคงอยู่ + gate expired (3.5s)
  ok  235 [desktop-1440] › tests\qa-bo-020-forgot-password.spec.js:218:3 › QA-BO-020: Forgot Password — generic response › 13. quota scenario → accepted เหมือนเดิม + audit QUOTA_EXCEEDED (2.8s)
  ok  236 [desktop-1440] › tests\qa-bo-019e-my-account-session-expired.spec.js:357:3 › QA-BO-019e: Session Expired — passive detection & security › 17. expiry detection ไม่สร้าง audit event (passive check — revoke ถูก audit ตอนกระทำแล้ว) (2.6s)
  ok  237 [desktop-1440] › tests\qa-bo-020-forgot-password.spec.js:229:3 › QA-BO-020: Forgot Password — generic response › 14. delivery-failed → accepted generic เหมือนเดิม แต่ delivery row + audit เป็น Failed (2.8s)
  ok  239 [desktop-1440] › tests\qa-bo-020-forgot-password.spec.js:252:3 › QA-BO-020: Forgot Password — issuance & audit/delivery › 15. eligible → RST-xxxxx Pending 30 นาที + token hash-only + audit + delivery Sent (2.6s)
  ok  238 [desktop-1440] › tests\qa-bo-019e-my-account-session-expired.spec.js:370:3 › QA-BO-019e: Session Expired — passive detection & security › 18. expired state ไม่ render ข้อมูลบัญชี/session ต่อ — DOM มีแค่ state block (3.9s)
  ok  241 [desktop-1440] › tests\qa-bo-019e-my-account-session-expired.spec.js:385:3 › QA-BO-019e: Session Expired — passive detection & security › 19. expired state ทำงานครบทุก viewport — block + CTA visible และ CTA กลับ login ได้ (3.2s)
  ok  240 [desktop-1440] › tests\qa-bo-020-forgot-password.spec.js:291:3 › QA-BO-020: Forgot Password — issuance & audit/delivery › 16. request ใหม่หลัง cooldown ผ่าน → supersede Pending เดิม + tokenRevision เพิ่ม (3.9s)
  ok  243 [desktop-1440] › tests\qa-bo-020-forgot-password.spec.js:312:3 › QA-BO-020: Forgot Password — issuance & audit/delivery › 17. double-submit: กดส่งซ้ำเร็ว → idempotent สร้าง request เดียว (2.7s)
  ok  242 [desktop-1440] › tests\qa-bo-019e-my-account-session-expired.spec.js:401:3 › QA-BO-019e: Session Expired — passive detection & security › 20. regression: session ปกติ + scenario tools (ready/loading/error) ยังทำงานหลังเพิ่ม gate (5.0s)
  ok  245 [desktop-1440] › tests\qa-bo-021-reset-password.spec.js:65:3 › QA-BO-021: Reset Password — entry & structure › 1. route #reset-token= → reset screen แทน login, token ถูก strip จาก address bar (1.2s)
  ok  246 [desktop-1440] › tests\qa-bo-021-reset-password.spec.js:80:3 › QA-BO-021: Reset Password — entry & structure › 2. validating state → form state: title, masked email, fields, policy checklist, ไม่มี current password (1.7s)
  ok  244 [desktop-1440] › tests\qa-bo-020-forgot-password.spec.js:329:3 › QA-BO-020: Forgot Password — system error › 18. system-error scenario → generic error + retry; retry กลับ form แล้วส่งสำเร็จ (4.6s)
  ok  247 [desktop-1440] › tests\qa-bo-021-reset-password.spec.js:119:3 › QA-BO-021: Reset Password — entry & structure › 3. BACK TO LOGIN จาก recovery state → กลับ login screen ปกติ (2.0s)
  ok  248 [desktop-1440] › tests\qa-bo-020-forgot-password.spec.js:351:3 › QA-BO-020: Forgot Password — security & responsive › 19. DOM/state ที่ผู้ใช้เห็นไม่มี raw token, account id, หรือ failure code (2.3s)
  ok  249 [desktop-1440] › tests\qa-bo-021-reset-password.spec.js:134:3 › QA-BO-021: Reset Password — token states › 4. invalid token → LINK NOT VALID + recovery channel ขอลิงก์ใหม่ (1.9s)
  ok  251 [desktop-1440] › tests\qa-bo-021-reset-password.spec.js:150:3 › QA-BO-021: Reset Password — token states › 5. expired token → LINK EXPIRED + audit accept Failed EXPIRED + request ไม่ถูกแตะ (1.5s)
  ok  250 [desktop-1440] › tests\qa-bo-020-forgot-password.spec.js:363:3 › QA-BO-020: Forgot Password — security & responsive › 20. forgot screen ไม่มี horizontal overflow และ CTA ใช้งานได้ทุก viewport (3.1s)
  ok  252 [desktop-1440] › tests\qa-bo-021-reset-password.spec.js:167:3 › QA-BO-021: Reset Password — token states › 6. used token → LINK ALREADY USED + GO TO LOGIN (2.3s)
  ok  253 [desktop-1440] › tests\qa-bo-020-forgot-password.spec.js:382:3 › QA-BO-020: Forgot Password — login regression › 21. login ปกติ + invalid credentials + auth-scenario ยังทำงานเหมือนเดิม (2.2s)
  ok  255 [desktop-1440] › tests\qa-bo-022-failed-login-lockout.spec.js:59:3 › QA-BO-022: Failed Login Lockout — display › 1. ADM-007 (Locked failed_login) → lockout message + countdown + forgot hint ไม่สร้าง session (1.9s)
  ok  254 [desktop-1440] › tests\qa-bo-021-reset-password.spec.js:178:3 › QA-BO-021: Reset Password — token states › 7. superseded token → LINK REPLACED (request ใหม่ supersede เดิมตาม issuance) (2.4s)
  ok  257 [desktop-1440] › tests\qa-bo-021-reset-password.spec.js:195:3 › QA-BO-021: Reset Password — token states › 8. Suspended account → RESET UNAVAILABLE (account_ineligible) + no mutation (1.9s)
  ok  256 [desktop-1440] › tests\qa-bo-022-failed-login-lockout.spec.js:77:3 › QA-BO-022: Failed Login Lockout — display › 2. countdown ลดลงจริงเมื่อเวลาผ่านไป (3.8s)
  ok  258 [desktop-1440] › tests\qa-bo-021-reset-password.spec.js:212:3 › QA-BO-021: Reset Password — token states › 9. security/admin Locked account → blocked (lock_reason_blocked), ไม่ปลดล็อก (1.7s)
  ok  259 [desktop-1440] › tests\qa-bo-022-failed-login-lockout.spec.js:90:3 › QA-BO-022: Failed Login Lockout — display › 3. login ที่ถูก block ระหว่าง lockout ถูก audit (ACCOUNT_LOCKED) โดยไม่มี password (1.5s)
  ok  260 [desktop-1440] › tests\qa-bo-021-reset-password.spec.js:233:3 › QA-BO-021: Reset Password — token states › 10. Invited account → RESET UNAVAILABLE (account_ineligible) (2.6s)
  ok  261 [desktop-1440] › tests\qa-bo-022-failed-login-lockout.spec.js:110:3 › QA-BO-022: Failed Login Lockout — threshold › 4. พลาด 1-4 ครั้ง → generic invalid error เท่านั้น ไม่มี lockout / attempts นับสะสม (2.7s)
  ok  262 [desktop-1440] › tests\qa-bo-021-reset-password.spec.js:249:3 › QA-BO-021: Reset Password — form validation › 11. policy checklist อัปเดตแบบ live ตอนพิมพ์ (2.4s)
  ok  264 [desktop-1440] › tests\qa-bo-021-reset-password.spec.js:269:3 › QA-BO-021: Reset Password — form validation › 12. field ว่าง → error ผูก field + aria-invalid/aria-errormessage (1.9s)
  ok  263 [desktop-1440] › tests\qa-bo-022-failed-login-lockout.spec.js:124:3 › QA-BO-022: Failed Login Lockout — threshold › 5. พลาดครบ 5 ครั้ง → account Locked + lockout display + audit ADMIN_LOGIN_LOCKED (3.4s)
  ok  265 [desktop-1440] › tests\qa-bo-021-reset-password.spec.js:287:3 › QA-BO-021: Reset Password — form validation › 13. password ไม่ผ่าน policy → error; mismatch → confirm error; พิมพ์แก้เคลียร์ error (2.9s)
  ok  266 [desktop-1440] › tests\qa-bo-022-failed-login-lockout.spec.js:148:3 › QA-BO-022: Failed Login Lockout — threshold › 6. submit ซ้ำขณะล็อกอยู่ → ยังแสดง lockout (re-check จาก state ทุกครั้ง) (3.0s)
  ok  267 [desktop-1440] › tests\qa-bo-021-reset-password.spec.js:308:3 › QA-BO-021: Reset Password — form validation › 14. password toggle สลับ type + aria-label ทั้งสอง field (1.8s)
  ok  268 [desktop-1440] › tests\qa-bo-022-failed-login-lockout.spec.js:159:3 › QA-BO-022: Failed Login Lockout — threshold › 7. unknown email + bad-password → generic error เท่านั้น ไม่สร้าง attempt/audit (anti-enumeration) (2.6s)
  ok  269 [desktop-1440] › tests\qa-bo-021-reset-password.spec.js:327:3 › QA-BO-021: Reset Password — commit › 15. Active account → success: token Used + credential updated + sessions revoked + revision+1 + audit (2.4s)
  ok  270 [desktop-1440] › tests\qa-bo-022-failed-login-lockout.spec.js:175:3 › QA-BO-022: Failed Login Lockout — lock kinds › 8. security/admin lock → generic blocked message ไม่มี countdown/self-service hint (1.9s)
  ok  271 [desktop-1440] › tests\qa-bo-021-reset-password.spec.js:368:3 › QA-BO-021: Reset Password — commit › 16. failed-login Locked account → reset ปลดล็อกเป็น Active + clear lock marker (2.2s)
  ok  272 [desktop-1440] › tests\qa-bo-022-failed-login-lockout.spec.js:193:3 › QA-BO-022: Failed Login Lockout — lock kinds › 9. Suspended (ADM-006) → blocked message เดียวกัน ไม่มี countdown (1.9s)
  ok  273 [desktop-1440] › tests\qa-bo-021-reset-password.spec.js:386:3 › QA-BO-021: Reset Password — commit › 17. replay: เปิด token เดิมซ้ำหลังใช้แล้ว → LINK ALREADY USED (double-use ไม่ได้) (2.5s)
  ok  274 [desktop-1440] › tests\qa-bo-022-failed-login-lockout.spec.js:207:3 › QA-BO-022: Failed Login Lockout — lock kinds › 10. Archived + Invited accounts → blocked safely เหมือนกัน (2.1s)
  ok  276 [desktop-1440] › tests\qa-bo-022-failed-login-lockout.spec.js:224:3 › QA-BO-022: Failed Login Lockout — recovery › 11. lock หมดอายุ (scenario lockout-expired) → lazy unlock + login สำเร็จ + attempts เคลียร์ (1.6s)
  ok  275 [desktop-1440] › tests\qa-bo-021-reset-password.spec.js:404:3 › QA-BO-021: Reset Password — commit › 18. commit-failed scenario → transient state + rollback ครบ + TRY AGAIN re-resolve แล้วสำเร็จ (2.9s)
  ok  278 [desktop-1440] › tests\qa-bo-021-reset-password.spec.js:451:3 › QA-BO-021: Reset Password — commit › 19. stale: account revision เปลี่ยนระหว่างเปิด form → submit ถูกบล็อก STALE_REQUEST + retry re-resolve (2.6s)
  ok  277 [desktop-1440] › tests\qa-bo-022-failed-login-lockout.spec.js:236:3 › QA-BO-022: Failed Login Lockout — recovery › 12. countdown ถึง 0 → ปลดล็อกตาม state จริง + แสดง info state (4.8s)
  ok  279 [desktop-1440] › tests\qa-bo-021-reset-password.spec.js:488:3 › QA-BO-021: Reset Password — security & responsive › 20. DOM/audit/delivery ไม่มี raw token, token hash, password หรือ secret (2.0s)
  ok  280 [desktop-1440] › tests\qa-bo-022-failed-login-lockout.spec.js:255:3 › QA-BO-022: Failed Login Lockout — recovery › 13. Reset Password ปลด failed-login lock → login ได้ (เส้นทาง AIL-025) (2.5s)
  ok  281 [desktop-1440] › tests\qa-bo-021-reset-password.spec.js:512:3 › QA-BO-021: Reset Password — security & responsive › 21. reset screen ไม่มี horizontal overflow ทุก state (form/error/success) (2.7s)
  ok  282 [desktop-1440] › tests\qa-bo-022-failed-login-lockout.spec.js:285:3 › QA-BO-022: Failed Login Lockout — recovery › 14. security/admin lock → Reset Password ไม่ปลดล็อก (lock_reason_blocked) (2.1s)
  ok  283 [desktop-1440] › tests\qa-bo-021-reset-password.spec.js:537:3 › QA-BO-021: Reset Password — login/forgot regression › 22. login + forgot flow เดิมไม่เปลี่ยน หลัง reset flow เข้ามา (2.9s)
  ok  284 [desktop-1440] › tests\qa-bo-022-failed-login-lockout.spec.js:305:3 › QA-BO-022: Failed Login Lockout — recovery › 15. login สำเร็จปกติ → เคลียร์ failed-attempt counter (ไม่มี lock) (2.4s)
  ok  286 [desktop-1440] › tests\qa-bo-024-password-recovery-functional.spec.js:163:3 › QA-BO-024: Password Recovery — golden-path journey › A1. journey ต่อเนื่องผ่าน UI: ลืมรหัสผ่าน → ขอลิงก์ → reset → กลับ Login → login → Dashboard (ไม่มี session ก่อน login จริง) (3.1s)
  ok  285 [desktop-1440] › tests\qa-bo-023-self-service-functional.spec.js:127:3 › QA-BO-023: Self-Service — golden-path journey › A1. journey ต่อเนื่องใน session เดียว: Edit Name → revoke session อื่น → Change Password → Logout All → re-login → My Account ใช้ได้ + audit 4 events เรียงลำดับ (6.3s)
  ok  287 [desktop-1440] › tests\qa-bo-024-password-recovery-functional.spec.js:223:3 › QA-BO-024: Password Recovery — audit/trace invariants › B1. audit chain ข้าม flow: REQUEST→DELIVERY→ACCEPT→COMMIT ใต้ correlationId เดียว + refs ผูกกันครบ (3.1s)
  ok  289 [desktop-1440] › tests\qa-bo-024-password-recovery-functional.spec.js:265:3 › QA-BO-024: Password Recovery — audit/trace invariants › B2. เปิดลิงก์ซ้ำ (reopen) ก่อน commit → TOKEN_ACCEPT Success แค่ event เดียวต่อ request (3.1s)
  ok  288 [desktop-1440] › tests\qa-bo-023-self-service-functional.spec.js:184:3 › QA-BO-023: Self-Service — audit/trace invariants › B1. แต่ละ mutation ผลิต event พอดี 1 รายการ + field ครบ (AUD id เพิ่มตามลำดับ, module=My Account, actor/result/target) (3.8s)
  ok  290 [desktop-1440] › tests\qa-bo-024-password-recovery-functional.spec.js:292:3 › QA-BO-024: Password Recovery — audit/trace invariants › B3. artifacts ทั้ง journey (audit/delivery/record/DOM) ไม่มี raw token, token hash หรือ password (2.9s)
  ok  291 [desktop-1440] › tests\qa-bo-023-self-service-functional.spec.js:221:3 › QA-BO-023: Self-Service — audit/trace invariants › B2. cancel / validation-fail / no-op save → ไม่สร้าง audit event (state ไม่ mutate) (5.3s)
  ok  292 [desktop-1440] › tests\qa-bo-024-password-recovery-functional.spec.js:324:3 › QA-BO-024: Password Recovery — audit/trace invariants › B4. events + delivery ของ journey แสดงจริงใน Settings > Audit Log / Delivery Logs หลัง re-login (4.6s)
  ok  293 [desktop-1440] › tests\qa-bo-023-self-service-functional.spec.js:266:3 › QA-BO-023: Self-Service — audit/trace invariants › B3. ทุก event ที่ journey สร้างไม่มี secret (password/reset token/credential/full IPv4) (4.4s)
  ok  294 [desktop-1440] › tests\qa-bo-024-password-recovery-functional.spec.js:357:3 › QA-BO-024: Password Recovery — lockout-recovery chains › C1. failed login 5 ครั้งผ่าน UI → lockout + hint ชี้ forgot → forgot → reset → ปลดล็อก → login สำเร็จ (5.0s)
  ok  295 [desktop-1440] › tests\qa-bo-023-self-service-functional.spec.js:286:3 › QA-BO-023: Self-Service — audit/trace invariants › B4. self-service events แสดงจริงใน Settings > Audit Log (module badge My Account + risk ตรง event) (4.7s)
  ok  296 [desktop-1440] › tests\qa-bo-024-password-recovery-functional.spec.js:392:3 › QA-BO-024: Password Recovery — lockout-recovery chains › C2. token ออกตอน Active → account ถูก lock ระหว่างลิงก์ค้าง → ลิงก์เดิมยังผ่าน → commit ปลดล็อก (3.9s)
  ok  298 [desktop-1440] › tests\qa-bo-024-password-recovery-functional.spec.js:421:3 › QA-BO-024: Password Recovery — lockout-recovery chains › C3. หลัง reset ปลดล็อก → failed-login counter เริ่มนับใหม่จาก 1 (ไม่ต่อจาก lock เดิม) (2.2s)
  ok  297 [desktop-1440] › tests\qa-bo-023-self-service-functional.spec.js:320:3 › QA-BO-023: Self-Service — cross-device session chains › C1. Change Password บนเครื่องนี้ → session ของอุปกรณ์อื่น stale → อุปกรณ์นั้นเจอ expired gate → re-login ออก session ใหม่ (4.9s)
  ok  299 [desktop-1440] › tests\qa-bo-024-password-recovery-functional.spec.js:449:3 › QA-BO-024: Password Recovery — token lifecycle chains › D1. ขอลิงก์ใหม่ผ่าน UI → ลิงก์เก่า LINK REPLACED → ลิงก์ใหม่ใช้ได้ → login สำเร็จ (4.7s)
  ok  300 [desktop-1440] › tests\qa-bo-023-self-service-functional.spec.js:348:3 › QA-BO-023: Self-Service — cross-device session chains › C2. session ถูก revoke จากอีกเครื่อง → เครื่องนี้เจอ expired gate ที่ request ถัดไป → re-login ออก session ใหม่ (4.1s)
  ok  302 [desktop-1440] › tests\qa-bo-023-self-service-functional.spec.js:381:3 › QA-BO-023: Self-Service — boundary & isolation › D1. counter isolation: failed-login attempts กับ myAccountPwFailCount เป็น mechanism คนละตัว ไม่กระทบกัน (4.9s)
  ok  301 [desktop-1440] › tests\qa-bo-024-password-recovery-functional.spec.js:491:3 › QA-BO-024: Password Recovery — token lifecycle chains › D2. token ที่ commit แล้ว → replay = LINK ALREADY USED (ไม่มี forgot CTA) → ขอลิงก์ใหม่ใช้ได้ (6.7s)
  ok  303 [desktop-1440] › tests\qa-bo-023-self-service-functional.spec.js:406:3 › QA-BO-023: Self-Service — boundary & isolation › D2. pw rate-limit cooldown ค้างอยู่ → login/logout ปกติ ไม่ block การเข้าสู่ระบบ (4.2s)
  ok  304 [desktop-1440] › tests\qa-bo-024-password-recovery-functional.spec.js:520:3 › QA-BO-024: Password Recovery — token lifecycle chains › D3. expired link → LINK EXPIRED → กด ขอลิงก์ตั้งรหัสผ่านใหม่ → ลง forgot → token ใหม่ commit ได้ (4.2s)
  ok  306 [desktop-1440] › tests\qa-bo-024-password-recovery-functional.spec.js:558:3 › QA-BO-024: Password Recovery — boundary & cross-device › E1. reset จาก public context → session เครื่องที่ login ค้างถูก revoke → expired gate → re-login ออก session ใหม่ (1.8s)
  ok  305 [desktop-1440] › tests\qa-bo-023-self-service-functional.spec.js:430:3 › QA-BO-023: Self-Service — boundary & isolation › D3. re-login หลัง expired → ลง Dashboard + เข้า My Account ได้ปกติ (session ใหม่ Active) (5.3s)
  ok  307 [desktop-1440] › tests\qa-bo-024-password-recovery-functional.spec.js:602:3 › QA-BO-024: Password Recovery — boundary & cross-device › E2. cooldown ยังมีผลหลัง token ถูก consume — ขอใหม่ทันทีหลัง reset → generic accepted แต่ไม่ออก RST + audit COOLDOWN_ACTIVE (4.8s)
  ok  308 [desktop-1440] › tests\qa-bo-023-self-service-functional.spec.js:454:3 › QA-BO-023: Self-Service — boundary & isolation › D4. self ถูก Suspend กลาง session → request ถัดไปเจอ expired gate (status guard ทำงาน) (2.8s)
  ok  309 [desktop-1440] › tests\qa-bo-023-self-service-functional.spec.js:471:3 › QA-BO-023: Self-Service — boundary & isolation › D5. logged-out → renderModule('my-account') ไม่ leak protected content (app ซ่อน + login คงอยู่) (1.7s)
  ok  310 [desktop-1440] › tests\qa-bo-023-self-service-functional.spec.js:491:3 › QA-BO-023: Self-Service — cross-module sanity › E1. หลัง self-service actions → Dashboard / Admin Accounts / Audit Log render ปกติ (ไม่มี state ค้าง) (5.7s)
  ok  311 [desktop-1280] › tests\qa-bo-001-auth-dashboard.spec.js:75:5 › QA-BO-001: Login + Dashboard (strict) › Login — dark theme & colors › 1. login-screen ใช้ dark theme background (4.1s)
  ok  312 [desktop-1280] › tests\qa-bo-001-auth-dashboard.spec.js:86:5 › QA-BO-001: Login + Dashboard (strict) › Login — dark theme & colors › 2. login-panel ใช้ dark theme background (1.5s)
  -   314 [desktop-1280] › tests\qa-bo-015-accept-invitation.spec.js:39:3 › QA-BO-015: Accept Invitation & Initial Password Activation (AIL-008) › 1. Valid link → form state + context read-only + hash stripped + no OTP field
  -   315 [desktop-1280] › tests\qa-bo-015-accept-invitation.spec.js:66:3 › QA-BO-015: Accept Invitation & Initial Password Activation (AIL-008) › 2. Password policy — แต่ละ rule ต้องผ่านก่อน submit และไม่มี mutation ถ้า invalid
  -   316 [desktop-1280] › tests\qa-bo-015-accept-invitation.spec.js:115:3 › QA-BO-015: Accept Invitation & Initial Password Activation (AIL-008) › 3. Confirm mismatch → error + ไม่มี mutation
  -   317 [desktop-1280] › tests\qa-bo-015-accept-invitation.spec.js:131:3 › QA-BO-015: Accept Invitation & Initial Password Activation (AIL-008) › 4. Valid submit → Pending→Used + Invited→Active atomic + audit + ไม่มี auto-session
  -   318 [desktop-1280] › tests\qa-bo-015-accept-invitation.spec.js:163:3 › QA-BO-015: Accept Invitation & Initial Password Activation (AIL-008) › 5. Token reuse → invalid state already_used + audit Failed + ไม่มี mutation ซ้ำ
  ok  313 [desktop-1280] › tests\qa-bo-001-auth-dashboard.spec.js:96:5 › QA-BO-001: Login + Dashboard (strict) › Login — split layout (desktop >1180px) › 3. desktop 1440px: visual อยู่ซ้าย, panel อยู่ขวา (split) (2.4s)
  -   319 [desktop-1280] › tests\qa-bo-015-accept-invitation.spec.js:186:3 › QA-BO-015: Accept Invitation & Initial Password Activation (AIL-008) › 6. Double submit → activation ครั้งเดียวเท่านั้น
  -   321 [desktop-1280] › tests\qa-bo-015-accept-invitation.spec.js:204:3 › QA-BO-015: Accept Invitation & Initial Password Activation (AIL-008) › 7. Garbage/unknown token → invalid_token + ไม่ audit (unresolvable)
  -   322 [desktop-1280] › tests\qa-bo-015-accept-invitation.spec.js:221:3 › QA-BO-015: Accept Invitation & Initial Password Activation (AIL-008) › 8. Expired link → invalid state + audit Failed + ไม่ activate
  -   323 [desktop-1280] › tests\qa-bo-015-accept-invitation.spec.js:236:3 › QA-BO-015: Accept Invitation & Initial Password Activation (AIL-008) › 9. Cancelled link → invalid state + ไม่ activate
  -   324 [desktop-1280] › tests\qa-bo-015-accept-invitation.spec.js:249:3 › QA-BO-015: Accept Invitation & Initial Password Activation (AIL-008) › 10. Superseded link → invalid state; link revision ใหม่ยังใช้งานได้
  -   325 [desktop-1280] › tests\qa-bo-015-accept-invitation.spec.js:271:3 › QA-BO-015: Accept Invitation & Initial Password Activation (AIL-008) › 11. Stale revision token → invalid state stale_revision
  -   326 [desktop-1280] › tests\qa-bo-015-accept-invitation.spec.js:285:3 › QA-BO-015: Accept Invitation & Initial Password Activation (AIL-008) › 12. Account ไม่ใช่ Invited → invalid state account_ineligible
  -   327 [desktop-1280] › tests\qa-bo-015-accept-invitation.spec.js:299:3 › QA-BO-015: Accept Invitation & Initial Password Activation (AIL-008) › 13. Role ไม่ eligible → invalid state role_ineligible
  ok  320 [desktop-1280] › tests\qa-bo-001-auth-dashboard.spec.js:109:5 › QA-BO-001: Login + Dashboard (strict) › Login — split layout (desktop >1180px) › 4. desktop 1280px: visual อยู่ซ้าย, panel อยู่ขวา (split) (3.0s)
  -   328 [desktop-1280] › tests\qa-bo-015-accept-invitation.spec.js:312:3 › QA-BO-015: Accept Invitation & Initial Password Activation (AIL-008) › 14. Commit-time revalidation — ยกเลิกคำเชิญหลังเปิด form → activate ถูก block
  -   330 [desktop-1280] › tests\qa-bo-015-accept-invitation.spec.js:329:3 › QA-BO-015: Accept Invitation & Initial Password Activation (AIL-008) › 15. Success → กลับ Login ได้ และ Login ด้วย Email + Password เข้าระบบได้ทันที (ไม่มี OTP)
  -   331 [desktop-1280] › tests\qa-bo-015-accept-invitation.spec.js:351:3 › QA-BO-015: Accept Invitation & Initial Password Activation (AIL-008) › 16. Refresh หลัง consume — hash ถูก strip แล้ว จึงกลับมาที่ Login (token ไม่ค้างใน URL)
  -   332 [desktop-1280] › tests\qa-bo-015-accept-invitation.spec.js:366:3 › QA-BO-015: Accept Invitation & Initial Password Activation (AIL-008) › 17. Missing token → invalid state invalid_token
  -   333 [desktop-1280] › tests\qa-bo-015-accept-invitation.spec.js:373:3 › QA-BO-015: Accept Invitation & Initial Password Activation (AIL-008) › 18. Mobile 390px — invite screen render + activate ได้ครบ
  -   334 [desktop-1280] › tests\qa-bo-016-invitation-recovery.spec.js:48:3 › QA-BO-016: Invitation Safe Recovery States (AIL-009) › 1. Expired → recovery 'expired': LINK EXPIRED + exit-only + ไม่มี form/mutation
  -   335 [desktop-1280] › tests\qa-bo-016-invitation-recovery.spec.js:67:3 › QA-BO-016: Invitation Safe Recovery States (AIL-009) › 2. Cancelled → recovery 'cancelled' + contact-admin channel + direct commit ถูก block
  -   336 [desktop-1280] › tests\qa-bo-016-invitation-recovery.spec.js:84:3 › QA-BO-016: Invitation Safe Recovery States (AIL-009) › 3. Superseded → recovery 'superseded': LINK REPLACED + hint เปิดลิงก์ฉบับล่าสุด
  ok  329 [desktop-1280] › tests\qa-bo-001-auth-dashboard.spec.js:122:5 › QA-BO-001: Login + Dashboard (strict) › Login — single column (≤1180px) › 5. tablet 768px: visual อยู่บน, panel อยู่ล่าง (single column) (1.8s)
  -   337 [desktop-1280] › tests\qa-bo-016-invitation-recovery.spec.js:99:3 › QA-BO-016: Invitation Safe Recovery States (AIL-009) › 4. Used → recovery 'used': LINK ALREADY USED + GO TO LOGIN (บัญชี active แล้ว)
  -   339 [desktop-1280] › tests\qa-bo-016-invitation-recovery.spec.js:117:3 › QA-BO-016: Invitation Safe Recovery States (AIL-009) › 5. Unknown/malformed/missing token → recovery 'invalid' generic — ไม่เปิดเผย account existence
  -   340 [desktop-1280] › tests\qa-bo-016-invitation-recovery.spec.js:140:3 › QA-BO-016: Invitation Safe Recovery States (AIL-009) › 6. Account ineligible → recovery 'unavailable' generic + audit Failed + ไม่เปลี่ยน state
  -   341 [desktop-1280] › tests\qa-bo-016-invitation-recovery.spec.js:165:3 › QA-BO-016: Invitation Safe Recovery States (AIL-009) › 7. Role ineligible → recovery 'unavailable' + ไม่เปลี่ยน state
  -   342 [desktop-1280] › tests\qa-bo-016-invitation-recovery.spec.js:183:3 › QA-BO-016: Invitation Safe Recovery States (AIL-009) › 8. Stale revision token → recovery 'superseded' (มีลิงก์ใหม่กว่า)
  -   343 [desktop-1280] › tests\qa-bo-016-invitation-recovery.spec.js:198:3 › QA-BO-016: Invitation Safe Recovery States (AIL-009) › 9. Transient stale_invitation ณ submit → retry re-resolve → form → activate สำเร็จ (ไม่วนลูป)
  ok  338 [desktop-1280] › tests\qa-bo-001-auth-dashboard.spec.js:135:5 › QA-BO-001: Login + Dashboard (strict) › Login — single column (≤1180px) › 6. mobile 390px: visual อยู่บน, panel อยู่ล่าง (single column compact) (1.7s)
  -   344 [desktop-1280] › tests\qa-bo-016-invitation-recovery.spec.js:232:3 › QA-BO-016: Invitation Safe Recovery States (AIL-009) › 10. Commit failure → rollback ครบ + transient recovery + retry สำเร็จหลังแก้สาเหตุ
  -   346 [desktop-1280] › tests\qa-bo-016-invitation-recovery.spec.js:269:3 › QA-BO-016: Invitation Safe Recovery States (AIL-009) › 11. Recovery exit → กลับ Login ครบทุกช่องทาง และ Login flow เดิม (Email + Password → BO)
  -   347 [desktop-1280] › tests\qa-bo-016-invitation-recovery.spec.js:285:3 › QA-BO-016: Invitation Safe Recovery States (AIL-009) › 12. Sensitive data — recovery screen ไม่เปิดเผย token/revision/internal reason
  -   348 [desktop-1280] › tests\qa-bo-016-invitation-recovery.spec.js:298:3 › QA-BO-016: Invitation Safe Recovery States (AIL-009) › 13. Focus — primary recovery action ได้ focus (keyboard flow) ทั้ง invalid + success
  ok  345 [desktop-1280] › tests\qa-bo-001-auth-dashboard.spec.js:150:5 › QA-BO-001: Login + Dashboard (strict) › Login — brand identity › 7. login-panel แสดง brand mark + name + label ตาม prototype (1.4s)
  -   349 [desktop-1280] › tests\qa-bo-016-invitation-recovery.spec.js:319:3 › QA-BO-016: Invitation Safe Recovery States (AIL-009) › 14. Transient ไม่วนลูป — state เปลี่ยนเป็น terminal แล้ว retry แสดง terminal recovery
  -   351 [desktop-1280] › tests\qa-bo-016-invitation-recovery.spec.js:345:3 › QA-BO-016: Invitation Safe Recovery States (AIL-009) › 15. Scenario dropdown 'transient' — UI-only path: form → submit → ACTIVATION NOT COMPLETED → TRY AGAIN → activate สำเร็จ
  -   352 [desktop-1280] › tests\qa-bo-016-invitation-recovery.spec.js:384:3 › QA-BO-016: Invitation Safe Recovery States (AIL-009) › 16. Mobile 390px — recovery state render + action usable
  -   353 [desktop-1280] › tests\qa-bo-017-admin-invitation-lifecycle.spec.js:149:3 › QA-BO-017: Admin Invitation Lifecycle — targeted Mission 1 coverage (AIL-010) › 1. invite → accept → activate: account ใหม่ครบ lifecycle ด้วยลิงก์จริงของ invitation ใหม่
  -   354 [desktop-1280] › tests\qa-bo-017-admin-invitation-lifecycle.spec.js:217:3 › QA-BO-017: Admin Invitation Lifecycle — targeted Mission 1 coverage (AIL-010) › 2. resend → token เดิมเข้า recovery superseded → token ใหม่ activate สำเร็จ
  -   355 [desktop-1280] › tests\qa-bo-017-admin-invitation-lifecycle.spec.js:252:3 › QA-BO-017: Admin Invitation Lifecycle — targeted Mission 1 coverage (AIL-010) › 3. cancel → token เดิมเข้า recovery cancelled → reissue → token ใหม่ activate สำเร็จ
  ok  350 [desktop-1280] › tests\qa-bo-001-auth-dashboard.spec.js:159:5 › QA-BO-001: Login + Dashboard (strict) › Login — brand identity › 8. login title + copy เป็นภาษาไทยตาม prototype (1.8s)
  -   356 [desktop-1280] › tests\qa-bo-017-admin-invitation-lifecycle.spec.js:290:3 › QA-BO-017: Admin Invitation Lifecycle — targeted Mission 1 coverage (AIL-010) › 4. expired → reissue → terminal history เก็บครบ + token ใหม่ activate สำเร็จ
  -   358 [desktop-1280] › tests\qa-bo-017-admin-invitation-lifecycle.spec.js:324:3 › QA-BO-017: Admin Invitation Lifecycle — targeted Mission 1 coverage (AIL-010) › 5. time-derived expiry: expiresAt <= now ขณะ record ยัง Pending → resolve/commit เป็น expired
  -   359 [desktop-1280] › tests\qa-bo-017-admin-invitation-lifecycle.spec.js:360:3 › QA-BO-017: Admin Invitation Lifecycle — targeted Mission 1 coverage (AIL-010) › 6. email เปลี่ยนหลัง issuance → target_email_normalized mismatch → account_ineligible
  -   360 [desktop-1280] › tests\qa-bo-017-admin-invitation-lifecycle.spec.js:386:3 › QA-BO-017: Admin Invitation Lifecycle — targeted Mission 1 coverage (AIL-010) › 7. role revision bump (status ยัง Active) → role_ineligible ทั้ง resolve และ commit
  -   361 [desktop-1280] › tests\qa-bo-017-admin-invitation-lifecycle.spec.js:412:3 › QA-BO-017: Admin Invitation Lifecycle — targeted Mission 1 coverage (AIL-010) › 8. เปิดลิงก์ valid ซ้ำ (idempotent reopen) → ไม่เขียน ACCEPT audit/activity ซ้ำ
  ok  357 [desktop-1280] › tests\qa-bo-001-auth-dashboard.spec.js:172:5 › QA-BO-001: Login + Dashboard (strict) › Login — form input dimensions › 9. form input สูง 44-46px ตามมาตรฐาน (1.4s)
  -   362 [desktop-1280] › tests\qa-bo-017-admin-invitation-lifecycle.spec.js:432:3 › QA-BO-017: Admin Invitation Lifecycle — targeted Mission 1 coverage (AIL-010) › 9. invite replay: submit email เดิมซ้ำ → unique check block + ไม่มี duplicate account/invitation/delivery/audit
  -   364 [desktop-1280] › tests\qa-bo-017-admin-invitation-lifecycle.spec.js:471:3 › QA-BO-017: Admin Invitation Lifecycle — targeted Mission 1 coverage (AIL-010) › 10. permission denied: direct commit cancel/reissue → not_allowed + audit Failed + ไม่มี mutation
  -   365 [desktop-1280] › tests\qa-bo-017-admin-invitation-lifecycle.spec.js:505:3 › QA-BO-017: Admin Invitation Lifecycle — targeted Mission 1 coverage (AIL-010) › 11. post-activation closure: account Active แล้ว admin-side actions ทั้งหมด not_allowed + ไม่มี invitation section
  -   366 [desktop-1280] › tests\qa-bo-017-admin-invitation-lifecycle.spec.js:537:3 › QA-BO-017: Admin Invitation Lifecycle — targeted Mission 1 coverage (AIL-010) › 12. accept + activate ไม่สร้าง delivery attempt/row ใหม่ (recipient flow ไม่มี email บังคับ)
  -   367 [desktop-1280] › tests\qa-bo-017-admin-invitation-lifecycle.spec.js:558:3 › QA-BO-017: Admin Invitation Lifecycle — targeted Mission 1 coverage (AIL-010) › 13. per-issuance audit chain: RESEND→ACCEPT→ACTIVATE อย่างละ 1 event + correlation/delivery trace ต่อกัน
  -   368 [desktop-1280] › tests\qa-bo-017-admin-invitation-lifecycle.spec.js:597:3 › QA-BO-017: Admin Invitation Lifecycle — targeted Mission 1 coverage (AIL-010) › 14. single-Pending invariant: ทุก stage มี Pending ≤1 ต่อ account และ terminal history ไม่หาย
  -   369 [desktop-1280] › tests\qa-bo-017-admin-invitation-lifecycle.spec.js:629:3 › QA-BO-017: Admin Invitation Lifecycle — targeted Mission 1 coverage (AIL-010) › 15. full-lifecycle secret sweep: audit/delivery/log ไม่มี raw token, password หรือ unmasked email
  ok  363 [desktop-1280] › tests\qa-bo-001-auth-dashboard.spec.js:183:5 › QA-BO-001: Login + Dashboard (strict) › Login — form input dimensions › 10. mobile 390px: form input สูง 46px (compact) (1.7s)
  -   370 [desktop-1280] › tests\qa-bo-017-admin-invitation-lifecycle.spec.js:683:3 › QA-BO-017: Admin Invitation Lifecycle — targeted Mission 1 coverage (AIL-010) › 16. mobile-390: resend → token ใหม่ activate chain ทำงานและ render ถูกบนจอเล็ก
  ok  371 [desktop-1280] › tests\qa-bo-001-auth-dashboard.spec.js:195:5 › QA-BO-001: Login + Dashboard (strict) › Login — form fields & attributes › 11. email field: type=email, autocomplete=username (2.1s)
  ok  372 [desktop-1280] › tests\qa-bo-019a-my-account.spec.js:75:3 › QA-BO-019a: My Account — entry & navigation › 1. .admin-box เป็น button entry (#my-account-entry) แสดงชื่อ + role ใน sidebar footer (2.8s)
  ok  373 [desktop-1280] › tests\qa-bo-001-auth-dashboard.spec.js:202:5 › QA-BO-001: Login + Dashboard (strict) › Login — form fields & attributes › 12. password field: type=password, autocomplete=current-password (1.3s)
  ok  375 [desktop-1280] › tests\qa-bo-001-auth-dashboard.spec.js:209:5 › QA-BO-001: Login + Dashboard (strict) › Login — form fields & attributes › 13. password visibility toggle สลับ type + aria-label (2.0s)
  ok  374 [desktop-1280] › tests\qa-bo-019a-my-account.spec.js:87:3 › QA-BO-019a: My Account — entry & navigation › 2. คลิก .admin-box → เข้าหน้า My Account (body.my-account-mode + header/breadcrumb) (2.9s)
  ok  376 [desktop-1280] › tests\qa-bo-001-auth-dashboard.spec.js:224:5 › QA-BO-001: Login + Dashboard (strict) › Login — form fields & attributes › 14. forgot password link แสดงใน meta row (1.5s)
  ok  377 [desktop-1280] › tests\qa-bo-019a-my-account.spec.js:99:3 › QA-BO-019a: My Account — entry & navigation › 3. My Account ไม่อยู่ใน navGroups / Settings submenu (ไม่มี nav-item หรือ submenu button) (2.0s)
  ok  378 [desktop-1280] › tests\qa-bo-001-auth-dashboard.spec.js:232:5 › QA-BO-001: Login + Dashboard (strict) › Login — form fields & attributes › 15. submit button ข้อความตรง prototype (1.6s)
  ok  380 [desktop-1280] › tests\qa-bo-001-auth-dashboard.spec.js:238:5 › QA-BO-001: Login + Dashboard (strict) › Login — form fields & attributes › 16. primary button เต็มความกว้าง (1.4s)
  ok  379 [desktop-1280] › tests\qa-bo-019a-my-account.spec.js:109:3 › QA-BO-019a: My Account — entry & navigation › 4. เมื่ออยู่หน้า My Account ไม่มี nav item ไหนถูก highlight (อยู่นอก nav) — entry .admin-box แสดง active state แทน (3.3s)
  ok  381 [desktop-1280] › tests\qa-bo-001-auth-dashboard.spec.js:251:5 › QA-BO-001: Login + Dashboard (strict) › Login — auth error & accessibility › 17. auth-error มี role=alert (1.5s)
  ok  383 [desktop-1280] › tests\qa-bo-001-auth-dashboard.spec.js:257:5 › QA-BO-001: Login + Dashboard (strict) › Login — auth error & accessibility › 18. login-visual เป็น decorative (aria-hidden) (1.4s)
  ok  382 [desktop-1280] › tests\qa-bo-019a-my-account.spec.js:124:3 › QA-BO-019a: My Account — entry & navigation › 5. keyboard: focus .admin-box แล้วกด Enter → เข้าหน้า My Account ได้ (2.4s)
  ok  384 [desktop-1280] › tests\qa-bo-001-auth-dashboard.spec.js:263:5 › QA-BO-001: Login + Dashboard (strict) › Login — auth error & accessibility › 19. bad-password scenario: generic error ไม่ระบุ field ที่ผิด (2.1s)
  ok  385 [desktop-1280] › tests\qa-bo-019a-my-account.spec.js:135:3 › QA-BO-019a: My Account — entry & navigation › 6. Logout button ยังทำงานปกติ (ไม่ถูก .admin-box กลืน) (2.5s)
  ok  386 [desktop-1280] › tests\qa-bo-001-auth-dashboard.spec.js:280:5 › QA-BO-001: Login + Dashboard (strict) › Login — transition & logout › 20. login สำเร็จ → Dashboard + body ไม่ logged-out + login screen หาย (2.0s)
  ok  387 [desktop-1280] › tests\qa-bo-019a-my-account.spec.js:151:3 › QA-BO-019a: My Account — page rendering › 7. แสดง section Account Summary พร้อม detail-grid ครบ 6 tiles (Admin ID + Name editable + Email/Role/Status/Last Login) (2.6s)
  ok  388 [desktop-1280] › tests\qa-bo-001-auth-dashboard.spec.js:290:5 › QA-BO-001: Login + Dashboard (strict) › Login — transition & logout › 21. logout → กลับหน้า login + body logged-out (3.0s)
  ok  389 [desktop-1280] › tests\qa-bo-019a-my-account.spec.js:164:3 › QA-BO-019a: My Account — page rendering › 8. แสดง Name ปัจจุบันของ self account (2.2s)
  ok  390 [desktop-1280] › tests\qa-bo-001-auth-dashboard.spec.js:304:5 › QA-BO-001: Login + Dashboard (strict) › Dashboard — header › 22. breadcrumb + title + meta ตรง prototype (1.9s)
  ok  391 [desktop-1280] › tests\qa-bo-019a-my-account.spec.js:169:3 › QA-BO-019a: My Account — page rendering › 9. read-only tiles: Admin ID / Email / Role / Status / Last Login ตรง mock self account (2.7s)
  ok  392 [desktop-1280] › tests\qa-bo-001-auth-dashboard.spec.js:315:5 › QA-BO-001: Login + Dashboard (strict) › Dashboard — header › 23. header ไม่มี Date Range / Refresh / Export / global search (2.2s)
  ok  393 [desktop-1280] › tests\qa-bo-019a-my-account.spec.js:178:3 › QA-BO-019a: My Account — page rendering › 10. มีปุ่ม Change Password (security actions) + Active Sessions section (AIL-022) และไม่ expose internal roadmap copy (2.6s)
  ok  394 [desktop-1280] › tests\qa-bo-001-auth-dashboard.spec.js:326:5 › QA-BO-001: Login + Dashboard (strict) › Dashboard — header › 24. panel title + subtitle ตรง prototype (2.0s)
  ok  396 [desktop-1280] › tests\qa-bo-001-auth-dashboard.spec.js:336:5 › QA-BO-001: Login + Dashboard (strict) › Dashboard — KPI cards (8 cards ตามลำดับ) › 25. KPI cards ครบ 8 ตามลำดับที่ spec ล็อก (2.4s)
  ok  395 [desktop-1280] › tests\qa-bo-019a-my-account.spec.js:189:3 › QA-BO-019a: My Account — page rendering › 11. ไม่มีฟิลด์ password/OTP บนหน้า My Account (current scope: ไม่มี OTP/MFA/2FA) (2.6s)
  ok  397 [desktop-1280] › tests\qa-bo-001-auth-dashboard.spec.js:353:5 › QA-BO-001: Login + Dashboard (strict) › Dashboard — KPI cards (8 cards ตามลำดับ) › 26. KPI cards มี value + trend + chips ครบ (2.4s)
  ok  398 [desktop-1280] › tests\qa-bo-019a-my-account.spec.js:201:3 › QA-BO-019a: My Account — edit Name toggle & validation › 12. กด Edit → modal แก้ไขชื่อเปิด พร้อม input ค่าปัจจุบัน + ปุ่ม ยกเลิก/บันทึก (3.4s)
  ok  399 [desktop-1280] › tests\qa-bo-001-auth-dashboard.spec.js:369:5 › QA-BO-001: Login + Dashboard (strict) › Dashboard — KPI cards (8 cards ตามลำดับ) › 27. Reported Items chips แสดง Assets/Users/Articles/Comments (2.1s)
  ok  400 [desktop-1280] › tests\qa-bo-019a-my-account.spec.js:214:3 › QA-BO-019a: My Account — edit Name toggle & validation › 13. กด ยกเลิก → กลับ view mode ชื่อไม่เปลี่ยน (3.1s)
  ok  401 [desktop-1280] › tests\qa-bo-001-auth-dashboard.spec.js:384:5 › QA-BO-001: Login + Dashboard (strict) › Dashboard — navigation from KPI cards (spec ล็อกปลายทาง) › 28. New Users card → User Management / User Accounts (2.9s)
  ok  402 [desktop-1280] › tests\qa-bo-019a-my-account.spec.js:225:3 › QA-BO-019a: My Account — edit Name toggle & validation › 14. validation: ชื่อว่าง → error ใต้ field + input invalid (2.6s)
  ok  403 [desktop-1280] › tests\qa-bo-001-auth-dashboard.spec.js:397:5 › QA-BO-001: Login + Dashboard (strict) › Dashboard — navigation from KPI cards (spec ล็อกปลายทาง) › 29. New Assets card → Asset Management / Asset List (4.5s)
  ok  404 [desktop-1280] › tests\qa-bo-019a-my-account.spec.js:237:3 › QA-BO-019a: My Account — edit Name toggle & validation › 15. validation: ชื่อเป็น whitespace ล้วน → trim แล้ว error เหมือนค่าว่าง (2.8s)
  ok  405 [desktop-1280] › tests\qa-bo-001-auth-dashboard.spec.js:406:5 › QA-BO-001: Login + Dashboard (strict) › Dashboard — navigation from KPI cards (spec ล็อกปลายทาง) › 30. Reported Items / Assets chip → Asset Management / Reported Assets (2.4s)
  ok  406 [desktop-1280] › tests\qa-bo-019a-my-account.spec.js:246:3 › QA-BO-019a: My Account — edit Name toggle & validation › 16. validation: ชื่อเกิน 100 ตัวอักษร → error (bypass maxlength ผ่าน JS) (2.9s)
  ok  407 [desktop-1280] › tests\qa-bo-001-auth-dashboard.spec.js:420:5 › QA-BO-001: Login + Dashboard (strict) › Dashboard — navigation from KPI cards (spec ล็อกปลายทาง) › 31. Reported Items / Users chip → User Management / Reported Users (2.8s)
  ok  408 [desktop-1280] › tests\qa-bo-019a-my-account.spec.js:260:3 › QA-BO-019a: My Account — edit Name toggle & validation › 17. input มี maxlength=100 ตาม contract (2.5s)
  ok  409 [desktop-1280] › tests\qa-bo-001-auth-dashboard.spec.js:433:5 › QA-BO-001: Login + Dashboard (strict) › Dashboard — navigation from KPI cards (spec ล็อกปลายทาง) › 32. Reported Items / Articles chip → Content Management / Reported Articles (2.6s)
  ok  410 [desktop-1280] › tests\qa-bo-019a-my-account.spec.js:266:3 › QA-BO-019a: My Account — edit Name toggle & validation › 18. พิมพ์ใหม่หลัง error → error ถูกเคลียร์ (2.9s)
  ok  411 [desktop-1280] › tests\qa-bo-001-auth-dashboard.spec.js:446:5 › QA-BO-001: Login + Dashboard (strict) › Dashboard — navigation from KPI cards (spec ล็อกปลายทาง) › 33. Reported Items / Comments chip → Asset Management / Reported Comments (2.6s)
  ok  412 [desktop-1280] › tests\qa-bo-019a-my-account.spec.js:284:3 › QA-BO-019a: My Account — save flow, no-op, audit › 19. บันทึกชื่อใหม่ → success toast + ชื่อบนหน้าและ sidebar footer อัปเดต (3.1s)
  ok  413 [desktop-1280] › tests\qa-bo-001-auth-dashboard.spec.js:459:5 › QA-BO-001: Login + Dashboard (strict) › Dashboard — navigation from KPI cards (spec ล็อกปลายทาง) › 34. Offer Activity card → Offer Management (2.5s)
  ok  414 [desktop-1280] › tests\qa-bo-019a-my-account.spec.js:301:3 › QA-BO-019a: My Account — save flow, no-op, audit › 20. trim: ชื่อใหม่ที่มี space หน้า/หลัง → บันทึกค่าที่ trim แล้ว (2.9s)
  ok  415 [desktop-1280] › tests\qa-bo-001-auth-dashboard.spec.js:468:5 › QA-BO-001: Login + Dashboard (strict) › Dashboard — navigation from KPI cards (spec ล็อกปลายทาง) › 35. Articles card → Content Management / Articles (2.5s)
  ok  416 [desktop-1280] › tests\qa-bo-019a-my-account.spec.js:310:3 › QA-BO-019a: My Account — save flow, no-op, audit › 21. save สำเร็จ → สร้าง audit ADMIN_PROFILE_UPDATE (module My Account, ไม่มี secret) (2.8s)
  ok  417 [desktop-1280] › tests\qa-bo-001-auth-dashboard.spec.js:479:5 › QA-BO-001: Login + Dashboard (strict) › Dashboard — navigation from KPI cards (spec ล็อกปลายทาง) › 36. Watch Alert card → Market Demand / Demand Overview (3.2s)
  ok  418 [desktop-1280] › tests\qa-bo-019a-my-account.spec.js:337:3 › QA-BO-019a: My Account — save flow, no-op, audit › 22. no-op: บันทึกชื่อเดิม → toast ไม่มีการเปลี่ยนแปลง + ไม่สร้าง audit + revision คงเดิม (2.9s)
  ok  419 [desktop-1280] › tests\qa-bo-001-auth-dashboard.spec.js:491:5 › QA-BO-001: Login + Dashboard (strict) › Dashboard — navigation from KPI cards (spec ล็อกปลายทาง) › 37. Policies card → Settings / Policy & Versioning (2.5s)
  ok  420 [desktop-1280] › tests\qa-bo-019a-my-account.spec.js:352:3 › QA-BO-019a: My Account — save flow, no-op, audit › 23. Enter ใน input → save เหมือนกดปุ่มบันทึก (2.8s)
  ok  421 [desktop-1280] › tests\qa-bo-001-auth-dashboard.spec.js:505:5 › QA-BO-001: Login + Dashboard (strict) › Dashboard — Work Queue (7 rows ตามลำดับ) › 38. Work Queue ครบ 7 rows ตามลำดับที่ spec ล็อก (2.0s)
  ok  423 [desktop-1280] › tests\qa-bo-001-auth-dashboard.spec.js:523:5 › QA-BO-001: Login + Dashboard (strict) › Dashboard — Work Queue (7 rows ตามลำดับ) › 39. Work Queue priority ถูกต้อง (high/medium/normal) (2.4s)
  ok  422 [desktop-1280] › tests\qa-bo-019a-my-account.spec.js:362:3 › QA-BO-019a: My Account — save flow, no-op, audit › 24. stale revision → reject ไม่ commit + error toast (ข้อมูลเปลี่ยนระหว่างแก้ไข) (3.5s)
  ok  424 [desktop-1280] › tests\qa-bo-001-auth-dashboard.spec.js:543:5 › QA-BO-001: Login + Dashboard (strict) › Dashboard — Work Queue (7 rows ตามลำดับ) › 40. Work Queue rows มี count + module jump (2.1s)
  ok  425 [desktop-1280] › tests\qa-bo-019a-my-account.spec.js:386:3 › QA-BO-019a: My Account — states & access gating › 25. scenario Loading → skeleton/state block loading แสดง (3.5s)
  ok  426 [desktop-1280] › tests\qa-bo-001-auth-dashboard.spec.js:555:5 › QA-BO-001: Login + Dashboard (strict) › Dashboard — Work Queue (7 rows ตามลำดับ) › 41. คลิก Work Queue row 1 (รายงานสินทรัพย์) → Asset Management / Reported Assets (2.6s)
  ok  428 [desktop-1280] › tests\qa-bo-001-auth-dashboard.spec.js:567:5 › QA-BO-001: Login + Dashboard (strict) › Dashboard — Work Queue (7 rows ตามลำดับ) › 42. คลิก Work Queue row 2 (รายงานผู้ใช้) → User Management / Reported Users (2.8s)
  ok  427 [desktop-1280] › tests\qa-bo-019a-my-account.spec.js:393:3 › QA-BO-019a: My Account — states & access gating › 26. scenario Load Error → error block + ปุ่มลองอีกครั้ง → retry กลับมา ready (4.8s)
  ok  429 [desktop-1280] › tests\qa-bo-001-auth-dashboard.spec.js:579:5 › QA-BO-001: Login + Dashboard (strict) › Dashboard — Work Queue (7 rows ตามลำดับ) › 43. คลิก Work Queue row 4 (คำขอลบบัญชี) → Account Deletion (2.3s)
  ok  431 [desktop-1280] › tests\qa-bo-001-auth-dashboard.spec.js:590:5 › QA-BO-001: Login + Dashboard (strict) › Dashboard — Recent Activity › 44. Recent Activity filter 5 ตัว: ทั้งหมด/Report/Offer/Content/System (1.8s)
  ok  430 [desktop-1280] › tests\qa-bo-019a-my-account.spec.js:404:3 › QA-BO-019a: My Account — states & access gating › 27. scenario Session Expired → state block + ปุ่มกลับไปหน้า Login (4.2s)
  ok  432 [desktop-1280] › tests\qa-bo-001-auth-dashboard.spec.js:600:5 › QA-BO-001: Login + Dashboard (strict) › Dashboard — Recent Activity › 45. filter ทำงานจริง — Report แสดงเฉพาะ report events (2.8s)
  ok  434 [desktop-1280] › tests\qa-bo-001-auth-dashboard.spec.js:617:5 › QA-BO-001: Login + Dashboard (strict) › Dashboard — Recent Activity › 46. activity rows มี title + time + module jump (1.9s)
  ok  433 [desktop-1280] › tests\qa-bo-019a-my-account.spec.js:415:3 › QA-BO-019a: My Account — states & access gating › 28. self account ไม่ใช่ Active → page gate แสดง session-expired (permission beyond UI) (2.8s)
  ok  435 [desktop-1280] › tests\qa-bo-001-auth-dashboard.spec.js:634:5 › QA-BO-001: Login + Dashboard (strict) › Dashboard — panels (4 cards) › 47. Dashboard panels ครบ 4: Asset Status, Offer Status, Latest Articles, Top Searched Brands (2.3s)
  ok  436 [desktop-1280] › tests\qa-bo-019a-my-account.spec.js:430:3 › QA-BO-019a: My Account — states & access gating › 29. save ถูก reject เมื่อ self account ไม่ใช่ Active ระหว่างแก้ไข (boundary check ระดับ commit) (3.4s)
  ok  437 [desktop-1280] › tests\qa-bo-001-auth-dashboard.spec.js:647:5 › QA-BO-001: Login + Dashboard (strict) › Dashboard — panels (4 cards) › 48. Offer Status panel 6 rows ตามลำดับ status (1.9s)
  ok  438 [desktop-1280] › tests\qa-bo-019a-my-account.spec.js:449:3 › QA-BO-019a: My Account — states & access gating › 30. self-only: ไม่มี target admin id param — resolve จาก auth.admin.accountId เท่านั้น (2.6s)
  ok  439 [desktop-1280] › tests\qa-bo-001-auth-dashboard.spec.js:656:5 › QA-BO-001: Login + Dashboard (strict) › Dashboard — panels (4 cards) › 49. Latest Articles panel 3 rows พร้อม status value (2.3s)
  ok  441 [desktop-1280] › tests\qa-bo-001-auth-dashboard.spec.js:669:5 › QA-BO-001: Login + Dashboard (strict) › Dashboard — panels (4 cards) › 50. Top Searched Brands panel 5 brands พร้อม percent + bar (2.3s)
  ok  440 [desktop-1280] › tests\qa-bo-019a-my-account.spec.js:468:3 › QA-BO-019a: My Account — regression การนำทาง › 31. ออกจาก My Account ไป Dashboard → my-account-mode ถูกถอด + state กลับ ready (4.6s)
  ok  442 [desktop-1280] › tests\qa-bo-001-auth-dashboard.spec.js:682:5 › QA-BO-001: Login + Dashboard (strict) › Dashboard — panels (4 cards) › 51. Offer Status rows → Offer Management (2.0s)
  ok  444 [desktop-1280] › tests\qa-bo-001-auth-dashboard.spec.js:693:5 › QA-BO-001: Login + Dashboard (strict) › Dashboard — panels (4 cards) › 52. Latest Articles rows → Content Management (2.3s)
  ok  443 [desktop-1280] › tests\qa-bo-019a-my-account.spec.js:484:3 › QA-BO-019a: My Account — regression การนำทาง › 32. my-account-mode ไม่ leak ไปหน้า Settings > Support Center (3.6s)
  ok  445 [desktop-1280] › tests\qa-bo-001-auth-dashboard.spec.js:704:5 › QA-BO-001: Login + Dashboard (strict) › Dashboard — panels (4 cards) › 53. Top Searched Brands rows → Market Demand / Search Insights (4.2s)
  ok  446 [desktop-1280] › tests\qa-bo-019b-my-account-change-password.spec.js:79:3 › QA-BO-019b: Change Password — security section & entry › 1. Security actions แสดงปุ่ม เปลี่ยนรหัสผ่าน (action เดียว ไม่มี heading/tile — password ไม่ render บนหน้า) (3.1s)
  ok  447 [desktop-1280] › tests\qa-bo-001-auth-dashboard.spec.js:720:5 › QA-BO-001: Login + Dashboard (strict) › Dashboard — menu active state › 54. menu Dashboard active เมื่ออยู่ในหน้า Dashboard (2.2s)
  ok  448 [desktop-1280] › tests\qa-bo-019b-my-account-change-password.spec.js:94:3 › QA-BO-019b: Change Password — security section & entry › 2. ไม่มี plaintext password บนหน้า/DOM (mask เท่านั้น — credential store ไม่ render) (2.9s)
  ok  449 [desktop-1280] › tests\qa-bo-001-auth-dashboard.spec.js:727:5 › QA-BO-001: Login + Dashboard (strict) › Dashboard — menu active state › 55. คลิก metric card แล้ว menu active เปลี่ยน + Dashboard ไม่ active (2.6s)
  ok  450 [desktop-1280] › tests\qa-bo-019b-my-account-change-password.spec.js:107:3 › QA-BO-019b: Change Password — modal open/close & fields › 3. กด เปลี่ยนรหัสผ่าน → modal เปิด ครบ 3 password fields + policy checklist + ปุ่ม footer (2.7s)
  ok  451 [desktop-1280] › tests\qa-bo-001-auth-dashboard.spec.js:741:5 › QA-BO-001: Login + Dashboard (strict) › Dashboard — responsive section order (mobile) › 56. mobile 390px: ลำดับ Header → KPI → Work Queue → Activity → Panels (2.4s)
  ok  452 [desktop-1280] › tests\qa-bo-019b-my-account-change-password.spec.js:122:3 › QA-BO-019b: Change Password — modal open/close & fields › 4. autocomplete=off ทุก field (prototype — กัน browser autofill ค่าที่เคยกรอกกลับมา) (2.8s)
  ok  453 [desktop-1280] › tests\qa-bo-001-auth-dashboard.spec.js:762:5 › QA-BO-001: Login + Dashboard (strict) › Dashboard — responsive content completeness › 57. mobile 390px: KPI 8 cards + Work Queue 7 rows ไม่หาย (2.1s)
  ok  455 [desktop-1280] › tests\qa-bo-001-auth-dashboard.spec.js:772:5 › QA-BO-001: Login + Dashboard (strict) › Dashboard — responsive content completeness › 58. tablet 768px: ครบทุก section (2.0s)
  ok  454 [desktop-1280] › tests\qa-bo-019b-my-account-change-password.spec.js:129:3 › QA-BO-019b: Change Password — modal open/close & fields › 5. กด ยกเลิก → modal ปิด + credential ไม่เปลี่ยน + ไม่สร้าง audit (3.8s)
  ok  456 [desktop-1280] › tests\qa-bo-001-auth-dashboard.spec.js:783:5 › QA-BO-001: Login + Dashboard (strict) › Dashboard — responsive content completeness › 59. desktop 1280px: ครบทุก section (2.8s)
  ok  457 [desktop-1280] › tests\qa-bo-019b-my-account-change-password.spec.js:140:3 › QA-BO-019b: Change Password — modal open/close & fields › 6. password toggle show/hide ทำงานทุก field (eye ↔ eyeOff) (2.9s)
  ok  458 [desktop-1280] › tests\qa-bo-001-auth-dashboard.spec.js:794:5 › QA-BO-001: Login + Dashboard (strict) › Dashboard — responsive content completeness › 60. desktop 1440px: ครบทุก section (2.8s)
  ok  459 [desktop-1280] › tests\qa-bo-019b-my-account-change-password.spec.js:156:3 › QA-BO-019b: Change Password — validation & live policy › 7. submit ทุก field ว่าง → error ใต้ current field + input invalid (3.0s)
  ok  461 [desktop-1280] › tests\qa-bo-019b-my-account-change-password.spec.js:166:3 › QA-BO-019b: Change Password — validation & live policy › 8. current ผิด → error 'รหัสผ่านปัจจุบันไม่ถูกต้อง' + fail count เพิ่ม + ไม่ commit (3.5s)
  ok  460 [desktop-1280] › tests\qa-bo-001-auth-dashboard.spec.js:807:5 › QA-BO-001: Login + Dashboard (strict) › Login — responsive all 4 viewports › 61. ทุก viewport: login screen แสดง + form ใช้งานได้ (7.7s)
  ok  462 [desktop-1280] › tests\qa-bo-019b-my-account-change-password.spec.js:178:3 › QA-BO-019b: Change Password — validation & live policy › 9. new ว่าง → error 'กรุณากรอกรหัสผ่านใหม่' (2.9s)
  ok  463 [desktop-1280] › tests\qa-bo-019c-my-account-active-sessions.spec.js:72:3 › QA-BO-019c: Active Sessions — section & list rendering › 1. Active Sessions section แสดงบนหน้า My Account (heading + note + session list) (2.8s)
  ok  464 [desktop-1280] › tests\qa-bo-019b-my-account-change-password.spec.js:186:3 › QA-BO-019b: Change Password — validation & live policy › 10. new ไม่ผ่าน policy → error + checklist แสดง rule ที่ไม่ผ่าน (3.1s)
  ok  465 [desktop-1280] › tests\qa-bo-019c-my-account-active-sessions.spec.js:81:3 › QA-BO-019c: Active Sessions — section & list rendering › 2. current session แสดงแถวแรก + pill 'อุปกรณ์นี้' + 'กำลังใช้งาน' + ไม่มีปุ่มออกจากระบบ (2.5s)
  ok  466 [desktop-1280] › tests\qa-bo-019b-my-account-change-password.spec.js:199:3 › QA-BO-019b: Change Password — validation & live policy › 11. live checklist: พิมพ์ new password ผ่าน policy → ทุก rule data-pass=true ทันที (3.1s)
  ok  467 [desktop-1280] › tests\qa-bo-019c-my-account-active-sessions.spec.js:93:3 › QA-BO-019c: Active Sessions — section & list rendering › 3. session อื่นแสดง metadata ครบ (device·browser / location / masked IP / last active) + ปุ่มออกจากระบบ (2.4s)
  ok  468 [desktop-1280] › tests\qa-bo-019b-my-account-change-password.spec.js:212:3 › QA-BO-019b: Change Password — validation & live policy › 12. confirm ว่าง → error 'กรุณายืนยันรหัสผ่านใหม่' (2.9s)
  ok  469 [desktop-1280] › tests\qa-bo-019c-my-account-active-sessions.spec.js:104:3 › QA-BO-019c: Active Sessions — section & list rendering › 4. IP ทุก session ถูก mask (มี .xx) — ไม่ render full IPv4 บนหน้า (2.3s)
  ok  470 [desktop-1280] › tests\qa-bo-019b-my-account-change-password.spec.js:220:3 › QA-BO-019b: Change Password — validation & live policy › 13. confirm ไม่ตรง new → error 'รหัสผ่านไม่ตรงกัน' (3.1s)
  ok  471 [desktop-1280] › tests\qa-bo-019c-my-account-active-sessions.spec.js:113:3 › QA-BO-019c: Active Sessions — section & list rendering › 5. ไม่มี session secret/token หลุดบน DOM (render เฉพาะ metadata ที่ mask แล้ว) (2.6s)
  ok  473 [desktop-1280] › tests\qa-bo-019c-my-account-active-sessions.spec.js:124:3 › QA-BO-019c: Active Sessions — revoke modal flow › 6. กด ออกจากระบบ → confirm modal เปิดพร้อม session summary + impact warning + ปุ่ม footer (2.8s)
  ok  472 [desktop-1280] › tests\qa-bo-019b-my-account-change-password.spec.js:228:3 › QA-BO-019b: Change Password — validation & live policy › 14. new เหมือน current → error 'รหัสผ่านใหม่ต้องไม่ซ้ำกับรหัสผ่านปัจจุบัน' (หลังเปลี่ยนเป็นรหัสที่ผ่าน policy) (5.2s)
  ok  474 [desktop-1280] › tests\qa-bo-019c-my-account-active-sessions.spec.js:139:3 › QA-BO-019c: Active Sessions — revoke modal flow › 7. กด ยกเลิก → modal ปิด + session ยัง Active + ไม่สร้าง audit (3.6s)
  ok  475 [desktop-1280] › tests\qa-bo-019b-my-account-change-password.spec.js:246:3 › QA-BO-019b: Change Password — validation & live policy › 15. พิมพ์ใหม่หลัง error → error ถูกเคลียร์ทันที (3.5s)
  ok  476 [desktop-1280] › tests\qa-bo-019c-my-account-active-sessions.spec.js:153:3 › QA-BO-019c: Active Sessions — revoke modal flow › 8. ยืนยัน revoke → session หลุดจาก list + status=Revoked + success toast (3.3s)
  ok  477 [desktop-1280] › tests\qa-bo-019b-my-account-change-password.spec.js:262:3 › QA-BO-019b: Change Password — commit & audit › 16. เปลี่ยนสำเร็จ → success toast + credential อัปเดต + revision/sessionRevision bump + modal ปิด (3.3s)
  ok  478 [desktop-1280] › tests\qa-bo-019c-my-account-active-sessions.spec.js:170:3 › QA-BO-019c: Active Sessions — revoke modal flow › 9. revoke ครบทุก session อื่น → เหลือเฉพาะ current session (3.8s)
  ok  479 [desktop-1280] › tests\qa-bo-019b-my-account-change-password.spec.js:281:3 › QA-BO-019b: Change Password — commit & audit › 17. เปลี่ยนสำเร็จ → audit ADMIN_PASSWORD_CHANGE (module My Account, risk High, ไม่มี password ใน payload) (3.1s)
  ok  480 [desktop-1280] › tests\qa-bo-019c-my-account-active-sessions.spec.js:187:3 › QA-BO-019c: Active Sessions — audit › 10. revoke สำเร็จ → audit ADMIN_SESSION_REVOKE พอดี 1 event (module My Account, risk Medium) (3.0s)
  ok  481 [desktop-1280] › tests\qa-bo-019b-my-account-change-password.spec.js:302:3 › QA-BO-019b: Change Password — commit & audit › 18. Enter ใน field → submit เหมือนกดปุ่มเปลี่ยนรหัสผ่าน (3.0s)
  ok  482 [desktop-1280] › tests\qa-bo-019c-my-account-active-sessions.spec.js:208:3 › QA-BO-019c: Active Sessions — audit › 11. audit ไม่ลงข้อมูลลับ — ไม่มี password/token/full IP (masked IP เท่านั้น) (2.9s)
  ok  483 [desktop-1280] › tests\qa-bo-019b-my-account-change-password.spec.js:311:3 › QA-BO-019b: Change Password — commit & audit › 19. fail count reset หลังเปลี่ยนสำเร็จ (attempt ก่อนหน้าไม่ติดลบค้าง) (3.7s)
  ok  484 [desktop-1280] › tests\qa-bo-019c-my-account-active-sessions.spec.js:228:3 › QA-BO-019c: Active Sessions — boundary checks › 12. stale commit: account revision เปลี่ยนระหว่างเปิด modal → reject + error toast + session คงอยู่ (3.6s)
  ok  485 [desktop-1280] › tests\qa-bo-019b-my-account-change-password.spec.js:331:3 › QA-BO-019b: Change Password — rate limit cooldown › 20. current ผิดครบ 5 ครั้ง → cooldown: submit disabled + countdown + audit Failed/RATE_LIMITED (3.2s)
  ok  486 [desktop-1280] › tests\qa-bo-019c-my-account-active-sessions.spec.js:248:3 › QA-BO-019c: Active Sessions — boundary checks › 13. session ถูก revoke ไปแล้วระหว่างเปิด modal → warning toast + ไม่ commit ซ้ำ + ไม่สร้าง audit (4.1s)
  ok  487 [desktop-1280] › tests\qa-bo-019b-my-account-change-password.spec.js:354:3 › QA-BO-019b: Change Password — rate limit cooldown › 21. cooldown คงอยู่ข้ามการปิด/เปิด modal (state ระดับ account ไม่ใช่ modal) (3.6s)
  ok  488 [desktop-1280] › tests\qa-bo-019c-my-account-active-sessions.spec.js:267:3 › QA-BO-019c: Active Sessions — boundary checks › 14. current session revoke ผ่าน function ตรง ๆ → reject (ไม่เปิด modal) + warning toast (2.7s)
  ok  489 [desktop-1280] › tests\qa-bo-019b-my-account-change-password.spec.js:373:3 › QA-BO-019b: Change Password — rate limit cooldown › 22. submit ระหว่าง cooldown → no-op (guard ระดับ function ไม่พึ่ง disabled เพียงอย่างเดียว) (2.9s)
  ok  490 [desktop-1280] › tests\qa-bo-019c-my-account-active-sessions.spec.js:279:3 › QA-BO-019c: Active Sessions — boundary checks › 15. self account ไม่ใช่ Active ระหว่างเปิด modal → confirm reject + session คงอยู่ (2.9s)
  ok  492 [desktop-1280] › tests\qa-bo-019c-my-account-active-sessions.spec.js:302:3 › QA-BO-019c: Active Sessions — boundary checks › 16. self-only: auth.admin.accountId ชี้ account อื่น → confirm ไม่ commit (identity resolve จาก auth เท่านั้น) (2.8s)
  ok  491 [desktop-1280] › tests\qa-bo-019b-my-account-change-password.spec.js:388:3 › QA-BO-019b: Change Password — rate limit cooldown › 23. cooldown หมด → submit กลับมาใช้ได้ + fail count reset (4.5s)
  ok  493 [desktop-1280] › tests\qa-bo-019c-my-account-active-sessions.spec.js:321:3 › QA-BO-019c: Active Sessions — sessionRevision linkage › 17. เปลี่ยนรหัสผ่านสำเร็จ → sessionRevision bump → session อื่นหลุดจาก list เหลือแค่ current (3.1s)
  ok  494 [desktop-1280] › tests\qa-bo-019b-my-account-change-password.spec.js:404:3 › QA-BO-019b: Change Password — rate limit cooldown › 24. cooldown หมดตอน modal ปิด → เปิดใหม่ไม่มี banner + counter reset (attempt ใหม่นับจาก 1) (5.0s)
  ok  495 [desktop-1280] › tests\qa-bo-019c-my-account-active-sessions.spec.js:341:3 › QA-BO-019c: Active Sessions — sessionRevision linkage › 18. sessionRevision bump จากอุปกรณ์อื่น → current session stale → session-expired gate (AIL-023b uniform epoch) (4.0s)
  ok  496 [desktop-1280] › tests\qa-bo-019b-my-account-change-password.spec.js:434:3 › QA-BO-019b: Change Password — boundary checks › 25. stale revision → reject ไม่ commit + error toast (revision เปลี่ยนระหว่างเปิด modal) (3.1s)
  ok  497 [desktop-1280] › tests\qa-bo-019c-my-account-active-sessions.spec.js:377:3 › QA-BO-019c: Active Sessions — responsive & regression › 19. responsive: session rows + revoke action render/ใช้งานได้ทุก viewport (3.0s)
  ok  498 [desktop-1280] › tests\qa-bo-019b-my-account-change-password.spec.js:450:3 › QA-BO-019b: Change Password — boundary checks › 26. self account ไม่ใช่ Active ตอน commit → reject (boundary check ระดับ commit) (3.0s)
  ok  499 [desktop-1280] › tests\qa-bo-019c-my-account-active-sessions.spec.js:395:3 › QA-BO-019c: Active Sessions — responsive & regression › 20. regression: Edit Name + Change Password + scenario tools ยังทำงานหลังเพิ่ม section (3.3s)
  ok  500 [desktop-1280] › tests\qa-bo-019b-my-account-change-password.spec.js:467:3 › QA-BO-019b: Change Password — boundary checks › 27. self-only: auth.admin.accountId เปลี่ยนเป็น account อื่นระหว่างเปิด modal → commit ถูก reject (3.2s)
  ok  501 [desktop-1280] › tests\qa-bo-019d-my-account-logout-all.spec.js:73:3 › QA-BO-019d: Logout All Devices — entry button › 1. ปุ่ม ออกจากระบบทุกอุปกรณ์ แสดงท้าย Active Sessions section หลัง session list (warning style) (2.4s)
  ok  502 [desktop-1280] › tests\qa-bo-019b-my-account-change-password.spec.js:485:3 › QA-BO-019b: Change Password — regression › 28. ปิด modal แล้ว state/class ถูกล้าง — ไม่ค้าง my-account-password-modal หรือ password field (3.0s)
  ok  503 [desktop-1280] › tests\qa-bo-019d-my-account-logout-all.spec.js:95:3 › QA-BO-019d: Logout All Devices — confirm modal › 2. กดปุ่ม → confirm modal เปิดพร้อม session count + current device highlight + impact warning + footer (2.9s)
  ok  504 [desktop-1280] › tests\qa-bo-019b-my-account-change-password.spec.js:496:3 › QA-BO-019b: Change Password — regression › 29. Edit Name flow เดิมยังทำงานปกติหลังมี Change Password (regression AIL-020) (2.8s)
  ok  505 [desktop-1280] › tests\qa-bo-019d-my-account-logout-all.spec.js:114:3 › QA-BO-019d: Logout All Devices — confirm modal › 3. กด ยกเลิก → modal ปิด + ทุก session ยัง Active + ไม่สร้าง audit + ไม่กลับหน้า Login (2.9s)
  ok  506 [desktop-1280] › tests\qa-bo-019e-my-account-session-expired.spec.js:83:3 › QA-BO-019e: Session Expired — system triggers › 1. idle timeout: lastActiveTs เกิน 8h → gate expired + sweep flip status=Expired (2.6s)
  ok  507 [desktop-1280] › tests\qa-bo-019d-my-account-logout-all.spec.js:136:3 › QA-BO-019d: Logout All Devices — confirm & teardown › 4. ยืนยัน → ทุก session (รวม current) ถูก Revoked + กลับหน้า Login (ไม่มี toast ลอยทับ) (3.4s)
  ok  508 [desktop-1280] › tests\qa-bo-019e-my-account-session-expired.spec.js:101:3 › QA-BO-019e: Session Expired — system triggers › 2. max session lifetime: signedInTs เกิน 24h → gate expired + reason Max session lifetime (2.7s)
  ok  510 [desktop-1280] › tests\qa-bo-019e-my-account-session-expired.spec.js:117:3 › QA-BO-019e: Session Expired — system triggers › 3. session ถูก revoke จากอุปกรณ์อื่น (status=Revoked) → render ถัดไป gate expired (2.6s)
  ok  509 [desktop-1280] › tests\qa-bo-019d-my-account-logout-all.spec.js:157:3 › QA-BO-019d: Logout All Devices — confirm & teardown › 5. login ใหม่หลัง teardown → My Account แสดง current session ใหม่ (lazy issuance) (4.2s)
  ok  511 [desktop-1280] › tests\qa-bo-019e-my-account-session-expired.spec.js:129:3 › QA-BO-019e: Session Expired — system triggers › 4. sessionRevision stale: epoch bump จาก context อื่น → current session invalid → gate expired (2.5s)
  ok  512 [desktop-1280] › tests\qa-bo-019d-my-account-logout-all.spec.js:186:3 › QA-BO-019d: Logout All Devices — audit › 6. ยืนยันสำเร็จ → audit ADMIN_SESSION_REVOKE_ALL พอดี 1 event (aggregate, module My Account, risk Medium) (3.1s)
  ok  513 [desktop-1280] › tests\qa-bo-019e-my-account-session-expired.spec.js:143:3 › QA-BO-019e: Session Expired — system triggers › 5. session watch: revoke จาก context อื่นโดยไม่ render → หน้า flip เป็น expired เอง (3.2s)
  ok  514 [desktop-1280] › tests\qa-bo-019d-my-account-logout-all.spec.js:207:3 › QA-BO-019d: Logout All Devices — audit › 7. audit ไม่ลงข้อมูลลับ — ไม่มี password/token/secret/full IP (3.1s)
  ok  515 [desktop-1280] › tests\qa-bo-019e-my-account-session-expired.spec.js:156:3 › QA-BO-019e: Session Expired — system triggers › 6. session อื่น idle เกิน 8h → หลุดจาก list + sweep เป็น Expired — แต่หน้าไม่ gate (2.5s)
  ok  516 [desktop-1280] › tests\qa-bo-019d-my-account-logout-all.spec.js:225:3 › QA-BO-019d: Logout All Devices — boundary checks › 8. stale commit: revision เปลี่ยนระหว่างเปิด modal → reject + error toast + sessions คงอยู่ + ไม่กลับ Login (3.2s)
  ok  517 [desktop-1280] › tests\qa-bo-019e-my-account-session-expired.spec.js:171:3 › QA-BO-019e: Session Expired — system triggers › 7. currentSessionId ชี้ session ที่ไม่มีใน registry → gate expired (2.8s)
  ok  518 [desktop-1280] › tests\qa-bo-019d-my-account-logout-all.spec.js:248:3 › QA-BO-019d: Logout All Devices — boundary checks › 9. ไม่มี active session ระหว่างเปิด modal → confirm reject + warning toast + ไม่กลับ Login (3.3s)
  ok  519 [desktop-1280] › tests\qa-bo-019e-my-account-session-expired.spec.js:186:3 › QA-BO-019e: Session Expired — state block & CTA › 8. expired block: title + subtitle + CTA กลับไปหน้า Login (generic message ไม่บอกสาเหตุ) (3.0s)
  ok  520 [desktop-1280] › tests\qa-bo-019d-my-account-logout-all.spec.js:264:3 › QA-BO-019d: Logout All Devices — boundary checks › 10. self account ไม่ใช่ Active ระหว่างเปิด modal → confirm reject + sessions คงอยู่ (3.6s)
  ok  521 [desktop-1280] › tests\qa-bo-019e-my-account-session-expired.spec.js:204:3 › QA-BO-019e: Session Expired — state block & CTA › 9. CTA กลับไปหน้า Login → teardown + login screen เปล่า (copy บน expired block อธิบายแล้ว) (4.1s)
  ok  522 [desktop-1280] › tests\qa-bo-019d-my-account-logout-all.spec.js:287:3 › QA-BO-019d: Logout All Devices — boundary checks › 11. self-only: auth.admin.accountId ชี้ account อื่น → confirm ไม่ commit (identity resolve จาก auth เท่านั้น) (3.2s)
  ok  523 [desktop-1280] › tests\qa-bo-019e-my-account-session-expired.spec.js:221:3 › QA-BO-019e: Session Expired — state block & CTA › 10. re-login หลัง expired → session ใหม่ถูกออก → My Account ใช้ได้ + session เดิมคง Expired/Revoked (4.5s)
  ok  524 [desktop-1280] › tests\qa-bo-019d-my-account-logout-all.spec.js:303:3 › QA-BO-019d: Logout All Devices — boundary checks › 12. ไม่มี active session → เปิด modal ผ่าน function ตรง ๆ → reject (ไม่เปิด modal) + warning toast (3.4s)
  ok  525 [desktop-1280] › tests\qa-bo-019e-my-account-session-expired.spec.js:246:3 › QA-BO-019e: Session Expired — state block & CTA › 11. user-initiated logout → login screen โดยไม่มี session-expired message (แยกจาก system expiry) (3.4s)
  ok  526 [desktop-1280] › tests\qa-bo-019d-my-account-logout-all.spec.js:321:3 › QA-BO-019d: Logout All Devices — responsive & regression › 13. responsive: ปุ่ม + modal + teardown flow ทำงานครบทุก viewport (4.4s)
  ok  527 [desktop-1280] › tests\qa-bo-019e-my-account-session-expired.spec.js:256:3 › QA-BO-019e: Session Expired — state block & CTA › 12. scenario tool เลือก Ready ขณะ session invalid จริง → guard override กลับเป็น expired (demo tool ไม่ข้าม contract) (3.9s)
  ok  528 [desktop-1280] › tests\qa-bo-019d-my-account-logout-all.spec.js:337:3 › QA-BO-019d: Logout All Devices — responsive & regression › 14. regression: per-session revoke + Edit Name + Change Password ยังทำงาน (4.5s)
  ok  529 [desktop-1280] › tests\qa-bo-019e-my-account-session-expired.spec.js:274:3 › QA-BO-019e: Session Expired — commit guards › 13. edit-name mid-modal: current session revoked → save reject + ไม่ commit + gate expired (4.1s)
  ok  530 [desktop-1280] › tests\qa-bo-020-forgot-password.spec.js:69:3 › QA-BO-020: Forgot Password — entry & structure › 1. ปุ่ม ลืมรหัสผ่าน? บนหน้า Login กดได้ → เปิด forgot screen และซ่อน login (1.2s)
  ok  532 [desktop-1280] › tests\qa-bo-020-forgot-password.spec.js:81:3 › QA-BO-020: Forgot Password — entry & structure › 2. ready state: title + email field (type/autocomplete) + submit + back link + scenario tools (1.6s)
  ok  531 [desktop-1280] › tests\qa-bo-019e-my-account-session-expired.spec.js:293:3 › QA-BO-019e: Session Expired — commit guards › 14. change-password mid-modal: current session expired → save reject + password ไม่เปลี่ยน + ไม่สร้าง audit (3.7s)
  ok  533 [desktop-1280] › tests\qa-bo-020-forgot-password.spec.js:94:3 › QA-BO-020: Forgot Password — entry & structure › 3. ลิงก์ กลับไปหน้า Login → กลับ login screen และ login ได้ตามเดิม (2.2s)
  ok  535 [desktop-1280] › tests\qa-bo-020-forgot-password.spec.js:111:3 › QA-BO-020: Forgot Password — validation › 4. email ว่าง → field error + ไม่สร้าง request/audit (1.8s)
  ok  534 [desktop-1280] › tests\qa-bo-019e-my-account-session-expired.spec.js:314:3 › QA-BO-019e: Session Expired — commit guards › 15. revoke-session mid-modal: current session revoked จากที่อื่น → confirm reject + target คงอยู่ (3.4s)
  ok  536 [desktop-1280] › tests\qa-bo-020-forgot-password.spec.js:122:3 › QA-BO-020: Forgot Password — validation › 5. email ผิดรูปแบบ → field error + ไม่สร้าง request/audit (2.6s)
  ok  537 [desktop-1280] › tests\qa-bo-019e-my-account-session-expired.spec.js:332:3 › QA-BO-019e: Session Expired — commit guards › 16. logout-all mid-modal: current session revoked → confirm reject + sessions อื่นคงอยู่ + gate expired (3.2s)
  ok  538 [desktop-1280] › tests\qa-bo-020-forgot-password.spec.js:133:3 › QA-BO-020: Forgot Password — validation › 6. พิมพ์แก้ email → field error ถูกเคลียร์ (2.6s)
  ok  540 [desktop-1280] › tests\qa-bo-020-forgot-password.spec.js:148:3 › QA-BO-020: Forgot Password — generic response › 7. eligible Active account → accepted state พร้อม generic message (2.5s)
  ok  539 [desktop-1280] › tests\qa-bo-019e-my-account-session-expired.spec.js:357:3 › QA-BO-019e: Session Expired — passive detection & security › 17. expiry detection ไม่สร้าง audit event (passive check — revoke ถูก audit ตอนกระทำแล้ว) (3.1s)
  ok  542 [desktop-1280] › tests\qa-bo-019e-my-account-session-expired.spec.js:370:3 › QA-BO-019e: Session Expired — passive detection & security › 18. expired state ไม่ render ข้อมูลบัญชี/session ต่อ — DOM มีแค่ state block (2.9s)
  ok  541 [desktop-1280] › tests\qa-bo-020-forgot-password.spec.js:155:3 › QA-BO-020: Forgot Password — generic response › 8. unknown email → accepted message เหมือน eligible ทุกตัวอักษร และไม่สร้าง request/audit/delivery (3.0s)
  ok  544 [desktop-1280] › tests\qa-bo-020-forgot-password.spec.js:167:3 › QA-BO-020: Forgot Password — generic response › 9. Suspended account → accepted เหมือนเดิม + audit Failed ACCOUNT_INELIGIBLE (ไม่ออก token) (2.7s)
  ok  543 [desktop-1280] › tests\qa-bo-019e-my-account-session-expired.spec.js:385:3 › QA-BO-019e: Session Expired — passive detection & security › 19. expired state ทำงานครบทุก viewport — block + CTA visible และ CTA กลับ login ได้ (4.5s)
  ok  545 [desktop-1280] › tests\qa-bo-020-forgot-password.spec.js:183:3 › QA-BO-020: Forgot Password — generic response › 10. Invited account → accepted เหมือนเดิม + audit Failed ACCOUNT_INELIGIBLE (2.9s)
  ok  547 [desktop-1280] › tests\qa-bo-020-forgot-password.spec.js:194:3 › QA-BO-020: Forgot Password — generic response › 11. Locked (failed login) → eligible: ออก token จริง แต่ UI ยัง generic เหมือนเดิม (2.4s)
  ok  546 [desktop-1280] › tests\qa-bo-019e-my-account-session-expired.spec.js:401:3 › QA-BO-019e: Session Expired — passive detection & security › 20. regression: session ปกติ + scenario tools (ready/loading/error) ยังทำงานหลังเพิ่ม gate (4.6s)
  ok  549 [desktop-1280] › tests\qa-bo-021-reset-password.spec.js:65:3 › QA-BO-021: Reset Password — entry & structure › 1. route #reset-token= → reset screen แทน login, token ถูก strip จาก address bar (1.6s)
  ok  548 [desktop-1280] › tests\qa-bo-020-forgot-password.spec.js:204:3 › QA-BO-020: Forgot Password — generic response › 12. cooldown scenario → accepted เหมือนเดิม + audit COOLDOWN_ACTIVE + ไม่ออก RST ใหม่ (3.0s)
  ok  550 [desktop-1280] › tests\qa-bo-021-reset-password.spec.js:80:3 › QA-BO-021: Reset Password — entry & structure › 2. validating state → form state: title, masked email, fields, policy checklist, ไม่มี current password (1.8s)
  ok  551 [desktop-1280] › tests\qa-bo-020-forgot-password.spec.js:218:3 › QA-BO-020: Forgot Password — generic response › 13. quota scenario → accepted เหมือนเดิม + audit QUOTA_EXCEEDED (2.7s)
  ok  552 [desktop-1280] › tests\qa-bo-021-reset-password.spec.js:119:3 › QA-BO-021: Reset Password — entry & structure › 3. BACK TO LOGIN จาก recovery state → กลับ login screen ปกติ (1.5s)
  ok  554 [desktop-1280] › tests\qa-bo-021-reset-password.spec.js:134:3 › QA-BO-021: Reset Password — token states › 4. invalid token → LINK NOT VALID + recovery channel ขอลิงก์ใหม่ (2.6s)
  ok  553 [desktop-1280] › tests\qa-bo-020-forgot-password.spec.js:229:3 › QA-BO-020: Forgot Password — generic response › 14. delivery-failed → accepted generic เหมือนเดิม แต่ delivery row + audit เป็น Failed (3.0s)
  ok  555 [desktop-1280] › tests\qa-bo-021-reset-password.spec.js:150:3 › QA-BO-021: Reset Password — token states › 5. expired token → LINK EXPIRED + audit accept Failed EXPIRED + request ไม่ถูกแตะ (2.3s)
  ok  556 [desktop-1280] › tests\qa-bo-020-forgot-password.spec.js:252:3 › QA-BO-020: Forgot Password — issuance & audit/delivery › 15. eligible → RST-xxxxx Pending 30 นาที + token hash-only + audit + delivery Sent (3.6s)
  ok  557 [desktop-1280] › tests\qa-bo-021-reset-password.spec.js:167:3 › QA-BO-021: Reset Password — token states › 6. used token → LINK ALREADY USED + GO TO LOGIN (1.7s)
  ok  559 [desktop-1280] › tests\qa-bo-021-reset-password.spec.js:178:3 › QA-BO-021: Reset Password — token states › 7. superseded token → LINK REPLACED (request ใหม่ supersede เดิมตาม issuance) (1.6s)
  ok  558 [desktop-1280] › tests\qa-bo-020-forgot-password.spec.js:291:3 › QA-BO-020: Forgot Password — issuance & audit/delivery › 16. request ใหม่หลัง cooldown ผ่าน → supersede Pending เดิม + tokenRevision เพิ่ม (3.5s)
  ok  560 [desktop-1280] › tests\qa-bo-021-reset-password.spec.js:195:3 › QA-BO-021: Reset Password — token states › 8. Suspended account → RESET UNAVAILABLE (account_ineligible) + no mutation (1.7s)
  ok  561 [desktop-1280] › tests\qa-bo-020-forgot-password.spec.js:312:3 › QA-BO-020: Forgot Password — issuance & audit/delivery › 17. double-submit: กดส่งซ้ำเร็ว → idempotent สร้าง request เดียว (2.1s)
  ok  562 [desktop-1280] › tests\qa-bo-021-reset-password.spec.js:212:3 › QA-BO-021: Reset Password — token states › 9. security/admin Locked account → blocked (lock_reason_blocked), ไม่ปลดล็อก (2.3s)
  ok  564 [desktop-1280] › tests\qa-bo-021-reset-password.spec.js:233:3 › QA-BO-021: Reset Password — token states › 10. Invited account → RESET UNAVAILABLE (account_ineligible) (1.9s)
  ok  563 [desktop-1280] › tests\qa-bo-020-forgot-password.spec.js:329:3 › QA-BO-020: Forgot Password — system error › 18. system-error scenario → generic error + retry; retry กลับ form แล้วส่งสำเร็จ (5.6s)
  ok  565 [desktop-1280] › tests\qa-bo-021-reset-password.spec.js:249:3 › QA-BO-021: Reset Password — form validation › 11. policy checklist อัปเดตแบบ live ตอนพิมพ์ (3.4s)
  ok  567 [desktop-1280] › tests\qa-bo-021-reset-password.spec.js:269:3 › QA-BO-021: Reset Password — form validation › 12. field ว่าง → error ผูก field + aria-invalid/aria-errormessage (2.4s)
  ok  566 [desktop-1280] › tests\qa-bo-020-forgot-password.spec.js:351:3 › QA-BO-020: Forgot Password — security & responsive › 19. DOM/state ที่ผู้ใช้เห็นไม่มี raw token, account id, หรือ failure code (3.1s)
  ok  568 [desktop-1280] › tests\qa-bo-021-reset-password.spec.js:287:3 › QA-BO-021: Reset Password — form validation › 13. password ไม่ผ่าน policy → error; mismatch → confirm error; พิมพ์แก้เคลียร์ error (3.2s)
  ok  569 [desktop-1280] › tests\qa-bo-020-forgot-password.spec.js:363:3 › QA-BO-020: Forgot Password — security & responsive › 20. forgot screen ไม่มี horizontal overflow และ CTA ใช้งานได้ทุก viewport (3.2s)
  ok  570 [desktop-1280] › tests\qa-bo-021-reset-password.spec.js:308:3 › QA-BO-021: Reset Password — form validation › 14. password toggle สลับ type + aria-label ทั้งสอง field (2.7s)
  ok  571 [desktop-1280] › tests\qa-bo-020-forgot-password.spec.js:382:3 › QA-BO-020: Forgot Password — login regression › 21. login ปกติ + invalid credentials + auth-scenario ยังทำงานเหมือนเดิม (3.7s)
  ok  573 [desktop-1280] › tests\qa-bo-022-failed-login-lockout.spec.js:59:3 › QA-BO-022: Failed Login Lockout — display › 1. ADM-007 (Locked failed_login) → lockout message + countdown + forgot hint ไม่สร้าง session (2.1s)
  ok  572 [desktop-1280] › tests\qa-bo-021-reset-password.spec.js:327:3 › QA-BO-021: Reset Password — commit › 15. Active account → success: token Used + credential updated + sessions revoked + revision+1 + audit (3.8s)
  ok  575 [desktop-1280] › tests\qa-bo-021-reset-password.spec.js:368:3 › QA-BO-021: Reset Password — commit › 16. failed-login Locked account → reset ปลดล็อกเป็น Active + clear lock marker (2.8s)
  ok  574 [desktop-1280] › tests\qa-bo-022-failed-login-lockout.spec.js:77:3 › QA-BO-022: Failed Login Lockout — display › 2. countdown ลดลงจริงเมื่อเวลาผ่านไป (4.1s)
  ok  576 [desktop-1280] › tests\qa-bo-021-reset-password.spec.js:386:3 › QA-BO-021: Reset Password — commit › 17. replay: เปิด token เดิมซ้ำหลังใช้แล้ว → LINK ALREADY USED (double-use ไม่ได้) (2.5s)
  ok  577 [desktop-1280] › tests\qa-bo-022-failed-login-lockout.spec.js:90:3 › QA-BO-022: Failed Login Lockout — display › 3. login ที่ถูก block ระหว่าง lockout ถูก audit (ACCOUNT_LOCKED) โดยไม่มี password (1.8s)
  ok  578 [desktop-1280] › tests\qa-bo-021-reset-password.spec.js:404:3 › QA-BO-021: Reset Password — commit › 18. commit-failed scenario → transient state + rollback ครบ + TRY AGAIN re-resolve แล้วสำเร็จ (3.1s)
  ok  579 [desktop-1280] › tests\qa-bo-022-failed-login-lockout.spec.js:110:3 › QA-BO-022: Failed Login Lockout — threshold › 4. พลาด 1-4 ครั้ง → generic invalid error เท่านั้น ไม่มี lockout / attempts นับสะสม (2.8s)
  ok  580 [desktop-1280] › tests\qa-bo-021-reset-password.spec.js:451:3 › QA-BO-021: Reset Password — commit › 19. stale: account revision เปลี่ยนระหว่างเปิด form → submit ถูกบล็อก STALE_REQUEST + retry re-resolve (3.0s)
  ok  581 [desktop-1280] › tests\qa-bo-022-failed-login-lockout.spec.js:124:3 › QA-BO-022: Failed Login Lockout — threshold › 5. พลาดครบ 5 ครั้ง → account Locked + lockout display + audit ADMIN_LOGIN_LOCKED (3.8s)
  ok  582 [desktop-1280] › tests\qa-bo-021-reset-password.spec.js:488:3 › QA-BO-021: Reset Password — security & responsive › 20. DOM/audit/delivery ไม่มี raw token, token hash, password หรือ secret (2.2s)
  ok  583 [desktop-1280] › tests\qa-bo-022-failed-login-lockout.spec.js:148:3 › QA-BO-022: Failed Login Lockout — threshold › 6. submit ซ้ำขณะล็อกอยู่ → ยังแสดง lockout (re-check จาก state ทุกครั้ง) (3.5s)
  ok  584 [desktop-1280] › tests\qa-bo-021-reset-password.spec.js:512:3 › QA-BO-021: Reset Password — security & responsive › 21. reset screen ไม่มี horizontal overflow ทุก state (form/error/success) (3.4s)
  ok  585 [desktop-1280] › tests\qa-bo-022-failed-login-lockout.spec.js:159:3 › QA-BO-022: Failed Login Lockout — threshold › 7. unknown email + bad-password → generic error เท่านั้น ไม่สร้าง attempt/audit (anti-enumeration) (2.3s)
  ok  587 [desktop-1280] › tests\qa-bo-022-failed-login-lockout.spec.js:175:3 › QA-BO-022: Failed Login Lockout — lock kinds › 8. security/admin lock → generic blocked message ไม่มี countdown/self-service hint (1.6s)
  ok  586 [desktop-1280] › tests\qa-bo-021-reset-password.spec.js:537:3 › QA-BO-021: Reset Password — login/forgot regression › 22. login + forgot flow เดิมไม่เปลี่ยน หลัง reset flow เข้ามา (2.7s)
  ok  588 [desktop-1280] › tests\qa-bo-022-failed-login-lockout.spec.js:193:3 › QA-BO-022: Failed Login Lockout — lock kinds › 9. Suspended (ADM-006) → blocked message เดียวกัน ไม่มี countdown (2.0s)
  ok  590 [desktop-1280] › tests\qa-bo-022-failed-login-lockout.spec.js:207:3 › QA-BO-022: Failed Login Lockout — lock kinds › 10. Archived + Invited accounts → blocked safely เหมือนกัน (2.3s)
  ok  591 [desktop-1280] › tests\qa-bo-022-failed-login-lockout.spec.js:224:3 › QA-BO-022: Failed Login Lockout — recovery › 11. lock หมดอายุ (scenario lockout-expired) → lazy unlock + login สำเร็จ + attempts เคลียร์ (2.0s)
  ok  589 [desktop-1280] › tests\qa-bo-023-self-service-functional.spec.js:127:3 › QA-BO-023: Self-Service — golden-path journey › A1. journey ต่อเนื่องใน session เดียว: Edit Name → revoke session อื่น → Change Password → Logout All → re-login → My Account ใช้ได้ + audit 4 events เรียงลำดับ (7.4s)
  ok  592 [desktop-1280] › tests\qa-bo-022-failed-login-lockout.spec.js:236:3 › QA-BO-022: Failed Login Lockout — recovery › 12. countdown ถึง 0 → ปลดล็อกตาม state จริง + แสดง info state (4.5s)
  ok  593 [desktop-1280] › tests\qa-bo-023-self-service-functional.spec.js:184:3 › QA-BO-023: Self-Service — audit/trace invariants › B1. แต่ละ mutation ผลิต event พอดี 1 รายการ + field ครบ (AUD id เพิ่มตามลำดับ, module=My Account, actor/result/target) (4.4s)
  ok  594 [desktop-1280] › tests\qa-bo-022-failed-login-lockout.spec.js:255:3 › QA-BO-022: Failed Login Lockout — recovery › 13. Reset Password ปลด failed-login lock → login ได้ (เส้นทาง AIL-025) (1.9s)
  ok  596 [desktop-1280] › tests\qa-bo-022-failed-login-lockout.spec.js:285:3 › QA-BO-022: Failed Login Lockout — recovery › 14. security/admin lock → Reset Password ไม่ปลดล็อก (lock_reason_blocked) (1.9s)
  ok  595 [desktop-1280] › tests\qa-bo-023-self-service-functional.spec.js:221:3 › QA-BO-023: Self-Service — audit/trace invariants › B2. cancel / validation-fail / no-op save → ไม่สร้าง audit event (state ไม่ mutate) (5.0s)
  ok  597 [desktop-1280] › tests\qa-bo-022-failed-login-lockout.spec.js:305:3 › QA-BO-022: Failed Login Lockout — recovery › 15. login สำเร็จปกติ → เคลียร์ failed-attempt counter (ไม่มี lock) (2.2s)
  ok  599 [desktop-1280] › tests\qa-bo-024-password-recovery-functional.spec.js:163:3 › QA-BO-024: Password Recovery — golden-path journey › A1. journey ต่อเนื่องผ่าน UI: ลืมรหัสผ่าน → ขอลิงก์ → reset → กลับ Login → login → Dashboard (ไม่มี session ก่อน login จริง) (3.6s)
  ok  598 [desktop-1280] › tests\qa-bo-023-self-service-functional.spec.js:266:3 › QA-BO-023: Self-Service — audit/trace invariants › B3. ทุก event ที่ journey สร้างไม่มี secret (password/reset token/credential/full IPv4) (4.9s)
  ok  600 [desktop-1280] › tests\qa-bo-024-password-recovery-functional.spec.js:223:3 › QA-BO-024: Password Recovery — audit/trace invariants › B1. audit chain ข้าม flow: REQUEST→DELIVERY→ACCEPT→COMMIT ใต้ correlationId เดียว + refs ผูกกันครบ (2.9s)
  ok  601 [desktop-1280] › tests\qa-bo-023-self-service-functional.spec.js:286:3 › QA-BO-023: Self-Service — audit/trace invariants › B4. self-service events แสดงจริงใน Settings > Audit Log (module badge My Account + risk ตรง event) (4.7s)
  ok  602 [desktop-1280] › tests\qa-bo-024-password-recovery-functional.spec.js:265:3 › QA-BO-024: Password Recovery — audit/trace invariants › B2. เปิดลิงก์ซ้ำ (reopen) ก่อน commit → TOKEN_ACCEPT Success แค่ event เดียวต่อ request (3.3s)
  ok  604 [desktop-1280] › tests\qa-bo-024-password-recovery-functional.spec.js:292:3 › QA-BO-024: Password Recovery — audit/trace invariants › B3. artifacts ทั้ง journey (audit/delivery/record/DOM) ไม่มี raw token, token hash หรือ password (3.6s)
  ok  603 [desktop-1280] › tests\qa-bo-023-self-service-functional.spec.js:320:3 › QA-BO-023: Self-Service — cross-device session chains › C1. Change Password บนเครื่องนี้ → session ของอุปกรณ์อื่น stale → อุปกรณ์นั้นเจอ expired gate → re-login ออก session ใหม่ (5.1s)
  ok  605 [desktop-1280] › tests\qa-bo-024-password-recovery-functional.spec.js:324:3 › QA-BO-024: Password Recovery — audit/trace invariants › B4. events + delivery ของ journey แสดงจริงใน Settings > Audit Log / Delivery Logs หลัง re-login (4.9s)
  ok  606 [desktop-1280] › tests\qa-bo-023-self-service-functional.spec.js:348:3 › QA-BO-023: Self-Service — cross-device session chains › C2. session ถูก revoke จากอีกเครื่อง → เครื่องนี้เจอ expired gate ที่ request ถัดไป → re-login ออก session ใหม่ (3.9s)
  ok  608 [desktop-1280] › tests\qa-bo-023-self-service-functional.spec.js:381:3 › QA-BO-023: Self-Service — boundary & isolation › D1. counter isolation: failed-login attempts กับ myAccountPwFailCount เป็น mechanism คนละตัว ไม่กระทบกัน (3.9s)
  ok  607 [desktop-1280] › tests\qa-bo-024-password-recovery-functional.spec.js:357:3 › QA-BO-024: Password Recovery — lockout-recovery chains › C1. failed login 5 ครั้งผ่าน UI → lockout + hint ชี้ forgot → forgot → reset → ปลดล็อก → login สำเร็จ (5.4s)
  ok  609 [desktop-1280] › tests\qa-bo-023-self-service-functional.spec.js:406:3 › QA-BO-023: Self-Service — boundary & isolation › D2. pw rate-limit cooldown ค้างอยู่ → login/logout ปกติ ไม่ block การเข้าสู่ระบบ (3.6s)
  ok  610 [desktop-1280] › tests\qa-bo-024-password-recovery-functional.spec.js:392:3 › QA-BO-024: Password Recovery — lockout-recovery chains › C2. token ออกตอน Active → account ถูก lock ระหว่างลิงก์ค้าง → ลิงก์เดิมยังผ่าน → commit ปลดล็อก (4.0s)
  ok  612 [desktop-1280] › tests\qa-bo-024-password-recovery-functional.spec.js:421:3 › QA-BO-024: Password Recovery — lockout-recovery chains › C3. หลัง reset ปลดล็อก → failed-login counter เริ่มนับใหม่จาก 1 (ไม่ต่อจาก lock เดิม) (2.6s)
  ok  611 [desktop-1280] › tests\qa-bo-023-self-service-functional.spec.js:430:3 › QA-BO-023: Self-Service — boundary & isolation › D3. re-login หลัง expired → ลง Dashboard + เข้า My Account ได้ปกติ (session ใหม่ Active) (4.8s)
  ok  614 [desktop-1280] › tests\qa-bo-023-self-service-functional.spec.js:454:3 › QA-BO-023: Self-Service — boundary & isolation › D4. self ถูก Suspend กลาง session → request ถัดไปเจอ expired gate (status guard ทำงาน) (2.5s)
  ok  615 [desktop-1280] › tests\qa-bo-023-self-service-functional.spec.js:471:3 › QA-BO-023: Self-Service — boundary & isolation › D5. logged-out → renderModule('my-account') ไม่ leak protected content (app ซ่อน + login คงอยู่) (1.7s)
  ok  613 [desktop-1280] › tests\qa-bo-024-password-recovery-functional.spec.js:449:3 › QA-BO-024: Password Recovery — token lifecycle chains › D1. ขอลิงก์ใหม่ผ่าน UI → ลิงก์เก่า LINK REPLACED → ลิงก์ใหม่ใช้ได้ → login สำเร็จ (4.9s)
  ok  616 [desktop-1280] › tests\qa-bo-023-self-service-functional.spec.js:491:3 › QA-BO-023: Self-Service — cross-module sanity › E1. หลัง self-service actions → Dashboard / Admin Accounts / Audit Log render ปกติ (ไม่มี state ค้าง) (5.3s)
  ok  617 [desktop-1280] › tests\qa-bo-024-password-recovery-functional.spec.js:491:3 › QA-BO-024: Password Recovery — token lifecycle chains › D2. token ที่ commit แล้ว → replay = LINK ALREADY USED (ไม่มี forgot CTA) → ขอลิงก์ใหม่ใช้ได้ (5.6s)
  ok  618 [desktop-1280] › tests\qa-bo-024-password-recovery-functional.spec.js:520:3 › QA-BO-024: Password Recovery — token lifecycle chains › D3. expired link → LINK EXPIRED → กด ขอลิงก์ตั้งรหัสผ่านใหม่ → ลง forgot → token ใหม่ commit ได้ (3.9s)
  ok  619 [desktop-1280] › tests\qa-bo-024-password-recovery-functional.spec.js:558:3 › QA-BO-024: Password Recovery — boundary & cross-device › E1. reset จาก public context → session เครื่องที่ login ค้างถูก revoke → expired gate → re-login ออก session ใหม่ (2.2s)
  ok  620 [tablet-768] › tests\qa-bo-001-auth-dashboard.spec.js:75:5 › QA-BO-001: Login + Dashboard (strict) › Login — dark theme & colors › 1. login-screen ใช้ dark theme background (1.8s)
  ok  622 [tablet-768] › tests\qa-bo-001-auth-dashboard.spec.js:86:5 › QA-BO-001: Login + Dashboard (strict) › Login — dark theme & colors › 2. login-panel ใช้ dark theme background (1.8s)
  ok  623 [tablet-768] › tests\qa-bo-001-auth-dashboard.spec.js:96:5 › QA-BO-001: Login + Dashboard (strict) › Login — split layout (desktop >1180px) › 3. desktop 1440px: visual อยู่ซ้าย, panel อยู่ขวา (split) (1.7s)
  ok  621 [desktop-1280] › tests\qa-bo-024-password-recovery-functional.spec.js:602:3 › QA-BO-024: Password Recovery — boundary & cross-device › E2. cooldown ยังมีผลหลัง token ถูก consume — ขอใหม่ทันทีหลัง reset → generic accepted แต่ไม่ออก RST + audit COOLDOWN_ACTIVE (4.4s)
  ok  624 [tablet-768] › tests\qa-bo-001-auth-dashboard.spec.js:109:5 › QA-BO-001: Login + Dashboard (strict) › Login — split layout (desktop >1180px) › 4. desktop 1280px: visual อยู่ซ้าย, panel อยู่ขวา (split) (2.0s)
  ok  625 [tablet-768] › tests\qa-bo-001-auth-dashboard.spec.js:122:5 › QA-BO-001: Login + Dashboard (strict) › Login — single column (≤1180px) › 5. tablet 768px: visual อยู่บน, panel อยู่ล่าง (single column) (1.5s)
  -   627 [tablet-768] › tests\qa-bo-015-accept-invitation.spec.js:39:3 › QA-BO-015: Accept Invitation & Initial Password Activation (AIL-008) › 1. Valid link → form state + context read-only + hash stripped + no OTP field
  ok  626 [tablet-768] › tests\qa-bo-001-auth-dashboard.spec.js:135:5 › QA-BO-001: Login + Dashboard (strict) › Login — single column (≤1180px) › 6. mobile 390px: visual อยู่บน, panel อยู่ล่าง (single column compact) (1.5s)
  -   628 [tablet-768] › tests\qa-bo-015-accept-invitation.spec.js:66:3 › QA-BO-015: Accept Invitation & Initial Password Activation (AIL-008) › 2. Password policy — แต่ละ rule ต้องผ่านก่อน submit และไม่มี mutation ถ้า invalid
  -   630 [tablet-768] › tests\qa-bo-015-accept-invitation.spec.js:115:3 › QA-BO-015: Accept Invitation & Initial Password Activation (AIL-008) › 3. Confirm mismatch → error + ไม่มี mutation
  -   631 [tablet-768] › tests\qa-bo-015-accept-invitation.spec.js:131:3 › QA-BO-015: Accept Invitation & Initial Password Activation (AIL-008) › 4. Valid submit → Pending→Used + Invited→Active atomic + audit + ไม่มี auto-session
  -   632 [tablet-768] › tests\qa-bo-015-accept-invitation.spec.js:163:3 › QA-BO-015: Accept Invitation & Initial Password Activation (AIL-008) › 5. Token reuse → invalid state already_used + audit Failed + ไม่มี mutation ซ้ำ
  ok  629 [tablet-768] › tests\qa-bo-001-auth-dashboard.spec.js:150:5 › QA-BO-001: Login + Dashboard (strict) › Login — brand identity › 7. login-panel แสดง brand mark + name + label ตาม prototype (1.6s)
  -   633 [tablet-768] › tests\qa-bo-015-accept-invitation.spec.js:186:3 › QA-BO-015: Accept Invitation & Initial Password Activation (AIL-008) › 6. Double submit → activation ครั้งเดียวเท่านั้น
  -   635 [tablet-768] › tests\qa-bo-015-accept-invitation.spec.js:204:3 › QA-BO-015: Accept Invitation & Initial Password Activation (AIL-008) › 7. Garbage/unknown token → invalid_token + ไม่ audit (unresolvable)
  -   636 [tablet-768] › tests\qa-bo-015-accept-invitation.spec.js:221:3 › QA-BO-015: Accept Invitation & Initial Password Activation (AIL-008) › 8. Expired link → invalid state + audit Failed + ไม่ activate
  -   637 [tablet-768] › tests\qa-bo-015-accept-invitation.spec.js:236:3 › QA-BO-015: Accept Invitation & Initial Password Activation (AIL-008) › 9. Cancelled link → invalid state + ไม่ activate
  -   638 [tablet-768] › tests\qa-bo-015-accept-invitation.spec.js:249:3 › QA-BO-015: Accept Invitation & Initial Password Activation (AIL-008) › 10. Superseded link → invalid state; link revision ใหม่ยังใช้งานได้
  ok  634 [tablet-768] › tests\qa-bo-001-auth-dashboard.spec.js:159:5 › QA-BO-001: Login + Dashboard (strict) › Login — brand identity › 8. login title + copy เป็นภาษาไทยตาม prototype (1.6s)
  -   639 [tablet-768] › tests\qa-bo-015-accept-invitation.spec.js:271:3 › QA-BO-015: Accept Invitation & Initial Password Activation (AIL-008) › 11. Stale revision token → invalid state stale_revision
  -   641 [tablet-768] › tests\qa-bo-015-accept-invitation.spec.js:285:3 › QA-BO-015: Accept Invitation & Initial Password Activation (AIL-008) › 12. Account ไม่ใช่ Invited → invalid state account_ineligible
  -   642 [tablet-768] › tests\qa-bo-015-accept-invitation.spec.js:299:3 › QA-BO-015: Accept Invitation & Initial Password Activation (AIL-008) › 13. Role ไม่ eligible → invalid state role_ineligible
  -   643 [tablet-768] › tests\qa-bo-015-accept-invitation.spec.js:312:3 › QA-BO-015: Accept Invitation & Initial Password Activation (AIL-008) › 14. Commit-time revalidation — ยกเลิกคำเชิญหลังเปิด form → activate ถูก block
  -   644 [tablet-768] › tests\qa-bo-015-accept-invitation.spec.js:329:3 › QA-BO-015: Accept Invitation & Initial Password Activation (AIL-008) › 15. Success → กลับ Login ได้ และ Login ด้วย Email + Password เข้าระบบได้ทันที (ไม่มี OTP)
  -   645 [tablet-768] › tests\qa-bo-015-accept-invitation.spec.js:351:3 › QA-BO-015: Accept Invitation & Initial Password Activation (AIL-008) › 16. Refresh หลัง consume — hash ถูก strip แล้ว จึงกลับมาที่ Login (token ไม่ค้างใน URL)
  ok  640 [tablet-768] › tests\qa-bo-001-auth-dashboard.spec.js:172:5 › QA-BO-001: Login + Dashboard (strict) › Login — form input dimensions › 9. form input สูง 44-46px ตามมาตรฐาน (1.5s)
  -   646 [tablet-768] › tests\qa-bo-015-accept-invitation.spec.js:366:3 › QA-BO-015: Accept Invitation & Initial Password Activation (AIL-008) › 17. Missing token → invalid state invalid_token
  -   648 [tablet-768] › tests\qa-bo-015-accept-invitation.spec.js:373:3 › QA-BO-015: Accept Invitation & Initial Password Activation (AIL-008) › 18. Mobile 390px — invite screen render + activate ได้ครบ
  -   649 [tablet-768] › tests\qa-bo-016-invitation-recovery.spec.js:48:3 › QA-BO-016: Invitation Safe Recovery States (AIL-009) › 1. Expired → recovery 'expired': LINK EXPIRED + exit-only + ไม่มี form/mutation
  -   650 [tablet-768] › tests\qa-bo-016-invitation-recovery.spec.js:67:3 › QA-BO-016: Invitation Safe Recovery States (AIL-009) › 2. Cancelled → recovery 'cancelled' + contact-admin channel + direct commit ถูก block
  -   651 [tablet-768] › tests\qa-bo-016-invitation-recovery.spec.js:84:3 › QA-BO-016: Invitation Safe Recovery States (AIL-009) › 3. Superseded → recovery 'superseded': LINK REPLACED + hint เปิดลิงก์ฉบับล่าสุด
  -   652 [tablet-768] › tests\qa-bo-016-invitation-recovery.spec.js:99:3 › QA-BO-016: Invitation Safe Recovery States (AIL-009) › 4. Used → recovery 'used': LINK ALREADY USED + GO TO LOGIN (บัญชี active แล้ว)
  -   653 [tablet-768] › tests\qa-bo-016-invitation-recovery.spec.js:117:3 › QA-BO-016: Invitation Safe Recovery States (AIL-009) › 5. Unknown/malformed/missing token → recovery 'invalid' generic — ไม่เปิดเผย account existence
  -   654 [tablet-768] › tests\qa-bo-016-invitation-recovery.spec.js:140:3 › QA-BO-016: Invitation Safe Recovery States (AIL-009) › 6. Account ineligible → recovery 'unavailable' generic + audit Failed + ไม่เปลี่ยน state
  -   655 [tablet-768] › tests\qa-bo-016-invitation-recovery.spec.js:165:3 › QA-BO-016: Invitation Safe Recovery States (AIL-009) › 7. Role ineligible → recovery 'unavailable' + ไม่เปลี่ยน state
  ok  647 [tablet-768] › tests\qa-bo-001-auth-dashboard.spec.js:183:5 › QA-BO-001: Login + Dashboard (strict) › Login — form input dimensions › 10. mobile 390px: form input สูง 46px (compact) (3.0s)
  -   656 [tablet-768] › tests\qa-bo-016-invitation-recovery.spec.js:183:3 › QA-BO-016: Invitation Safe Recovery States (AIL-009) › 8. Stale revision token → recovery 'superseded' (มีลิงก์ใหม่กว่า)
  -   658 [tablet-768] › tests\qa-bo-016-invitation-recovery.spec.js:198:3 › QA-BO-016: Invitation Safe Recovery States (AIL-009) › 9. Transient stale_invitation ณ submit → retry re-resolve → form → activate สำเร็จ (ไม่วนลูป)
  -   659 [tablet-768] › tests\qa-bo-016-invitation-recovery.spec.js:232:3 › QA-BO-016: Invitation Safe Recovery States (AIL-009) › 10. Commit failure → rollback ครบ + transient recovery + retry สำเร็จหลังแก้สาเหตุ
  -   660 [tablet-768] › tests\qa-bo-016-invitation-recovery.spec.js:269:3 › QA-BO-016: Invitation Safe Recovery States (AIL-009) › 11. Recovery exit → กลับ Login ครบทุกช่องทาง และ Login flow เดิม (Email + Password → BO)
  -   661 [tablet-768] › tests\qa-bo-016-invitation-recovery.spec.js:285:3 › QA-BO-016: Invitation Safe Recovery States (AIL-009) › 12. Sensitive data — recovery screen ไม่เปิดเผย token/revision/internal reason
  ok  657 [tablet-768] › tests\qa-bo-001-auth-dashboard.spec.js:195:5 › QA-BO-001: Login + Dashboard (strict) › Login — form fields & attributes › 11. email field: type=email, autocomplete=username (1.7s)
  -   662 [tablet-768] › tests\qa-bo-016-invitation-recovery.spec.js:298:3 › QA-BO-016: Invitation Safe Recovery States (AIL-009) › 13. Focus — primary recovery action ได้ focus (keyboard flow) ทั้ง invalid + success
  -   664 [tablet-768] › tests\qa-bo-016-invitation-recovery.spec.js:319:3 › QA-BO-016: Invitation Safe Recovery States (AIL-009) › 14. Transient ไม่วนลูป — state เปลี่ยนเป็น terminal แล้ว retry แสดง terminal recovery
  -   665 [tablet-768] › tests\qa-bo-016-invitation-recovery.spec.js:345:3 › QA-BO-016: Invitation Safe Recovery States (AIL-009) › 15. Scenario dropdown 'transient' — UI-only path: form → submit → ACTIVATION NOT COMPLETED → TRY AGAIN → activate สำเร็จ
  ok  663 [tablet-768] › tests\qa-bo-001-auth-dashboard.spec.js:202:5 › QA-BO-001: Login + Dashboard (strict) › Login — form fields & attributes › 12. password field: type=password, autocomplete=current-password (1.7s)
  -   666 [tablet-768] › tests\qa-bo-016-invitation-recovery.spec.js:384:3 › QA-BO-016: Invitation Safe Recovery States (AIL-009) › 16. Mobile 390px — recovery state render + action usable
  -   668 [tablet-768] › tests\qa-bo-017-admin-invitation-lifecycle.spec.js:149:3 › QA-BO-017: Admin Invitation Lifecycle — targeted Mission 1 coverage (AIL-010) › 1. invite → accept → activate: account ใหม่ครบ lifecycle ด้วยลิงก์จริงของ invitation ใหม่
  -   669 [tablet-768] › tests\qa-bo-017-admin-invitation-lifecycle.spec.js:217:3 › QA-BO-017: Admin Invitation Lifecycle — targeted Mission 1 coverage (AIL-010) › 2. resend → token เดิมเข้า recovery superseded → token ใหม่ activate สำเร็จ
  -   670 [tablet-768] › tests\qa-bo-017-admin-invitation-lifecycle.spec.js:252:3 › QA-BO-017: Admin Invitation Lifecycle — targeted Mission 1 coverage (AIL-010) › 3. cancel → token เดิมเข้า recovery cancelled → reissue → token ใหม่ activate สำเร็จ
  -   671 [tablet-768] › tests\qa-bo-017-admin-invitation-lifecycle.spec.js:290:3 › QA-BO-017: Admin Invitation Lifecycle — targeted Mission 1 coverage (AIL-010) › 4. expired → reissue → terminal history เก็บครบ + token ใหม่ activate สำเร็จ
  ok  667 [tablet-768] › tests\qa-bo-001-auth-dashboard.spec.js:209:5 › QA-BO-001: Login + Dashboard (strict) › Login — form fields & attributes › 13. password visibility toggle สลับ type + aria-label (1.6s)
  -   672 [tablet-768] › tests\qa-bo-017-admin-invitation-lifecycle.spec.js:324:3 › QA-BO-017: Admin Invitation Lifecycle — targeted Mission 1 coverage (AIL-010) › 5. time-derived expiry: expiresAt <= now ขณะ record ยัง Pending → resolve/commit เป็น expired
  -   674 [tablet-768] › tests\qa-bo-017-admin-invitation-lifecycle.spec.js:360:3 › QA-BO-017: Admin Invitation Lifecycle — targeted Mission 1 coverage (AIL-010) › 6. email เปลี่ยนหลัง issuance → target_email_normalized mismatch → account_ineligible
  -   675 [tablet-768] › tests\qa-bo-017-admin-invitation-lifecycle.spec.js:386:3 › QA-BO-017: Admin Invitation Lifecycle — targeted Mission 1 coverage (AIL-010) › 7. role revision bump (status ยัง Active) → role_ineligible ทั้ง resolve และ commit
  -   676 [tablet-768] › tests\qa-bo-017-admin-invitation-lifecycle.spec.js:412:3 › QA-BO-017: Admin Invitation Lifecycle — targeted Mission 1 coverage (AIL-010) › 8. เปิดลิงก์ valid ซ้ำ (idempotent reopen) → ไม่เขียน ACCEPT audit/activity ซ้ำ
  ok  673 [tablet-768] › tests\qa-bo-001-auth-dashboard.spec.js:224:5 › QA-BO-001: Login + Dashboard (strict) › Login — form fields & attributes › 14. forgot password link แสดงใน meta row (1.7s)
  -   677 [tablet-768] › tests\qa-bo-017-admin-invitation-lifecycle.spec.js:432:3 › QA-BO-017: Admin Invitation Lifecycle — targeted Mission 1 coverage (AIL-010) › 9. invite replay: submit email เดิมซ้ำ → unique check block + ไม่มี duplicate account/invitation/delivery/audit
  -   679 [tablet-768] › tests\qa-bo-017-admin-invitation-lifecycle.spec.js:471:3 › QA-BO-017: Admin Invitation Lifecycle — targeted Mission 1 coverage (AIL-010) › 10. permission denied: direct commit cancel/reissue → not_allowed + audit Failed + ไม่มี mutation
  -   680 [tablet-768] › tests\qa-bo-017-admin-invitation-lifecycle.spec.js:505:3 › QA-BO-017: Admin Invitation Lifecycle — targeted Mission 1 coverage (AIL-010) › 11. post-activation closure: account Active แล้ว admin-side actions ทั้งหมด not_allowed + ไม่มี invitation section
  -   681 [tablet-768] › tests\qa-bo-017-admin-invitation-lifecycle.spec.js:537:3 › QA-BO-017: Admin Invitation Lifecycle — targeted Mission 1 coverage (AIL-010) › 12. accept + activate ไม่สร้าง delivery attempt/row ใหม่ (recipient flow ไม่มี email บังคับ)
  -   682 [tablet-768] › tests\qa-bo-017-admin-invitation-lifecycle.spec.js:558:3 › QA-BO-017: Admin Invitation Lifecycle — targeted Mission 1 coverage (AIL-010) › 13. per-issuance audit chain: RESEND→ACCEPT→ACTIVATE อย่างละ 1 event + correlation/delivery trace ต่อกัน
  -   683 [tablet-768] › tests\qa-bo-017-admin-invitation-lifecycle.spec.js:597:3 › QA-BO-017: Admin Invitation Lifecycle — targeted Mission 1 coverage (AIL-010) › 14. single-Pending invariant: ทุก stage มี Pending ≤1 ต่อ account และ terminal history ไม่หาย
  ok  678 [tablet-768] › tests\qa-bo-001-auth-dashboard.spec.js:232:5 › QA-BO-001: Login + Dashboard (strict) › Login — form fields & attributes › 15. submit button ข้อความตรง prototype (1.5s)
  -   684 [tablet-768] › tests\qa-bo-017-admin-invitation-lifecycle.spec.js:629:3 › QA-BO-017: Admin Invitation Lifecycle — targeted Mission 1 coverage (AIL-010) › 15. full-lifecycle secret sweep: audit/delivery/log ไม่มี raw token, password หรือ unmasked email
  -   686 [tablet-768] › tests\qa-bo-017-admin-invitation-lifecycle.spec.js:683:3 › QA-BO-017: Admin Invitation Lifecycle — targeted Mission 1 coverage (AIL-010) › 16. mobile-390: resend → token ใหม่ activate chain ทำงานและ render ถูกบนจอเล็ก
  ok  685 [tablet-768] › tests\qa-bo-001-auth-dashboard.spec.js:238:5 › QA-BO-001: Login + Dashboard (strict) › Login — form fields & attributes › 16. primary button เต็มความกว้าง (2.2s)
  ok  688 [tablet-768] › tests\qa-bo-001-auth-dashboard.spec.js:251:5 › QA-BO-001: Login + Dashboard (strict) › Login — auth error & accessibility › 17. auth-error มี role=alert (1.6s)
  ok  687 [tablet-768] › tests\qa-bo-019a-my-account.spec.js:75:3 › QA-BO-019a: My Account — entry & navigation › 1. .admin-box เป็น button entry (#my-account-entry) แสดงชื่อ + role ใน sidebar footer (3.5s)
  ok  689 [tablet-768] › tests\qa-bo-001-auth-dashboard.spec.js:257:5 › QA-BO-001: Login + Dashboard (strict) › Login — auth error & accessibility › 18. login-visual เป็น decorative (aria-hidden) (1.1s)
  ok  691 [tablet-768] › tests\qa-bo-001-auth-dashboard.spec.js:263:5 › QA-BO-001: Login + Dashboard (strict) › Login — auth error & accessibility › 19. bad-password scenario: generic error ไม่ระบุ field ที่ผิด (2.4s)
  ok  690 [tablet-768] › tests\qa-bo-019a-my-account.spec.js:87:3 › QA-BO-019a: My Account — entry & navigation › 2. คลิก .admin-box → เข้าหน้า My Account (body.my-account-mode + header/breadcrumb) (2.8s)
  ok  692 [tablet-768] › tests\qa-bo-001-auth-dashboard.spec.js:280:5 › QA-BO-001: Login + Dashboard (strict) › Login — transition & logout › 20. login สำเร็จ → Dashboard + body ไม่ logged-out + login screen หาย (1.9s)
  ok  693 [tablet-768] › tests\qa-bo-019a-my-account.spec.js:99:3 › QA-BO-019a: My Account — entry & navigation › 3. My Account ไม่อยู่ใน navGroups / Settings submenu (ไม่มี nav-item หรือ submenu button) (2.7s)
  ok  694 [tablet-768] › tests\qa-bo-001-auth-dashboard.spec.js:290:5 › QA-BO-001: Login + Dashboard (strict) › Login — transition & logout › 21. logout → กลับหน้า login + body logged-out (3.1s)
  ok  695 [tablet-768] › tests\qa-bo-019a-my-account.spec.js:109:3 › QA-BO-019a: My Account — entry & navigation › 4. เมื่ออยู่หน้า My Account ไม่มี nav item ไหนถูก highlight (อยู่นอก nav) — entry .admin-box แสดง active state แทน (3.4s)
  ok  696 [tablet-768] › tests\qa-bo-001-auth-dashboard.spec.js:304:5 › QA-BO-001: Login + Dashboard (strict) › Dashboard — header › 22. breadcrumb + title + meta ตรง prototype (2.6s)
  ok  698 [tablet-768] › tests\qa-bo-001-auth-dashboard.spec.js:315:5 › QA-BO-001: Login + Dashboard (strict) › Dashboard — header › 23. header ไม่มี Date Range / Refresh / Export / global search (2.6s)
  ok  697 [tablet-768] › tests\qa-bo-019a-my-account.spec.js:124:3 › QA-BO-019a: My Account — entry & navigation › 5. keyboard: focus .admin-box แล้วกด Enter → เข้าหน้า My Account ได้ (4.3s)
  ok  699 [tablet-768] › tests\qa-bo-001-auth-dashboard.spec.js:326:5 › QA-BO-001: Login + Dashboard (strict) › Dashboard — header › 24. panel title + subtitle ตรง prototype (2.5s)
  ok  700 [tablet-768] › tests\qa-bo-019a-my-account.spec.js:135:3 › QA-BO-019a: My Account — entry & navigation › 6. Logout button ยังทำงานปกติ (ไม่ถูก .admin-box กลืน) (3.2s)
  ok  701 [tablet-768] › tests\qa-bo-001-auth-dashboard.spec.js:336:5 › QA-BO-001: Login + Dashboard (strict) › Dashboard — KPI cards (8 cards ตามลำดับ) › 25. KPI cards ครบ 8 ตามลำดับที่ spec ล็อก (1.7s)
  ok  702 [tablet-768] › tests\qa-bo-019a-my-account.spec.js:151:3 › QA-BO-019a: My Account — page rendering › 7. แสดง section Account Summary พร้อม detail-grid ครบ 6 tiles (Admin ID + Name editable + Email/Role/Status/Last Login) (3.1s)
  ok  703 [tablet-768] › tests\qa-bo-001-auth-dashboard.spec.js:353:5 › QA-BO-001: Login + Dashboard (strict) › Dashboard — KPI cards (8 cards ตามลำดับ) › 26. KPI cards มี value + trend + chips ครบ (2.4s)
  ok  705 [tablet-768] › tests\qa-bo-001-auth-dashboard.spec.js:369:5 › QA-BO-001: Login + Dashboard (strict) › Dashboard — KPI cards (8 cards ตามลำดับ) › 27. Reported Items chips แสดง Assets/Users/Articles/Comments (1.9s)
  ok  704 [tablet-768] › tests\qa-bo-019a-my-account.spec.js:164:3 › QA-BO-019a: My Account — page rendering › 8. แสดง Name ปัจจุบันของ self account (2.8s)
  ok  706 [tablet-768] › tests\qa-bo-001-auth-dashboard.spec.js:384:5 › QA-BO-001: Login + Dashboard (strict) › Dashboard — navigation from KPI cards (spec ล็อกปลายทาง) › 28. New Users card → User Management / User Accounts (2.8s)
  ok  707 [tablet-768] › tests\qa-bo-019a-my-account.spec.js:169:3 › QA-BO-019a: My Account — page rendering › 9. read-only tiles: Admin ID / Email / Role / Status / Last Login ตรง mock self account (3.2s)
  ok  708 [tablet-768] › tests\qa-bo-001-auth-dashboard.spec.js:397:5 › QA-BO-001: Login + Dashboard (strict) › Dashboard — navigation from KPI cards (spec ล็อกปลายทาง) › 29. New Assets card → Asset Management / Asset List (2.7s)
  ok  709 [tablet-768] › tests\qa-bo-019a-my-account.spec.js:178:3 › QA-BO-019a: My Account — page rendering › 10. มีปุ่ม Change Password (security actions) + Active Sessions section (AIL-022) และไม่ expose internal roadmap copy (3.1s)
  ok  710 [tablet-768] › tests\qa-bo-001-auth-dashboard.spec.js:406:5 › QA-BO-001: Login + Dashboard (strict) › Dashboard — navigation from KPI cards (spec ล็อกปลายทาง) › 30. Reported Items / Assets chip → Asset Management / Reported Assets (3.1s)
  ok  711 [tablet-768] › tests\qa-bo-019a-my-account.spec.js:189:3 › QA-BO-019a: My Account — page rendering › 11. ไม่มีฟิลด์ password/OTP บนหน้า My Account (current scope: ไม่มี OTP/MFA/2FA) (2.8s)
  ok  712 [tablet-768] › tests\qa-bo-001-auth-dashboard.spec.js:420:5 › QA-BO-001: Login + Dashboard (strict) › Dashboard — navigation from KPI cards (spec ล็อกปลายทาง) › 31. Reported Items / Users chip → User Management / Reported Users (3.0s)
  ok  713 [tablet-768] › tests\qa-bo-019a-my-account.spec.js:201:3 › QA-BO-019a: My Account — edit Name toggle & validation › 12. กด Edit → modal แก้ไขชื่อเปิด พร้อม input ค่าปัจจุบัน + ปุ่ม ยกเลิก/บันทึก (3.2s)
  ok  714 [tablet-768] › tests\qa-bo-001-auth-dashboard.spec.js:433:5 › QA-BO-001: Login + Dashboard (strict) › Dashboard — navigation from KPI cards (spec ล็อกปลายทาง) › 32. Reported Items / Articles chip → Content Management / Reported Articles (2.6s)
  ok  715 [tablet-768] › tests\qa-bo-019a-my-account.spec.js:214:3 › QA-BO-019a: My Account — edit Name toggle & validation › 13. กด ยกเลิก → กลับ view mode ชื่อไม่เปลี่ยน (2.9s)
  ok  716 [tablet-768] › tests\qa-bo-001-auth-dashboard.spec.js:446:5 › QA-BO-001: Login + Dashboard (strict) › Dashboard — navigation from KPI cards (spec ล็อกปลายทาง) › 33. Reported Items / Comments chip → Asset Management / Reported Comments (2.8s)
  ok  717 [tablet-768] › tests\qa-bo-019a-my-account.spec.js:225:3 › QA-BO-019a: My Account — edit Name toggle & validation › 14. validation: ชื่อว่าง → error ใต้ field + input invalid (3.1s)
  ok  718 [tablet-768] › tests\qa-bo-001-auth-dashboard.spec.js:459:5 › QA-BO-001: Login + Dashboard (strict) › Dashboard — navigation from KPI cards (spec ล็อกปลายทาง) › 34. Offer Activity card → Offer Management (2.8s)
  ok  719 [tablet-768] › tests\qa-bo-019a-my-account.spec.js:237:3 › QA-BO-019a: My Account — edit Name toggle & validation › 15. validation: ชื่อเป็น whitespace ล้วน → trim แล้ว error เหมือนค่าว่าง (3.2s)
  ok  720 [tablet-768] › tests\qa-bo-001-auth-dashboard.spec.js:468:5 › QA-BO-001: Login + Dashboard (strict) › Dashboard — navigation from KPI cards (spec ล็อกปลายทาง) › 35. Articles card → Content Management / Articles (3.0s)
  ok  721 [tablet-768] › tests\qa-bo-019a-my-account.spec.js:246:3 › QA-BO-019a: My Account — edit Name toggle & validation › 16. validation: ชื่อเกิน 100 ตัวอักษร → error (bypass maxlength ผ่าน JS) (3.2s)
  ok  722 [tablet-768] › tests\qa-bo-001-auth-dashboard.spec.js:479:5 › QA-BO-001: Login + Dashboard (strict) › Dashboard — navigation from KPI cards (spec ล็อกปลายทาง) › 36. Watch Alert card → Market Demand / Demand Overview (2.5s)
  ok  723 [tablet-768] › tests\qa-bo-019a-my-account.spec.js:260:3 › QA-BO-019a: My Account — edit Name toggle & validation › 17. input มี maxlength=100 ตาม contract (3.4s)
  ok  724 [tablet-768] › tests\qa-bo-001-auth-dashboard.spec.js:491:5 › QA-BO-001: Login + Dashboard (strict) › Dashboard — navigation from KPI cards (spec ล็อกปลายทาง) › 37. Policies card → Settings / Policy & Versioning (3.2s)
  ok  726 [tablet-768] › tests\qa-bo-001-auth-dashboard.spec.js:505:5 › QA-BO-001: Login + Dashboard (strict) › Dashboard — Work Queue (7 rows ตามลำดับ) › 38. Work Queue ครบ 7 rows ตามลำดับที่ spec ล็อก (2.3s)
  ok  725 [tablet-768] › tests\qa-bo-019a-my-account.spec.js:266:3 › QA-BO-019a: My Account — edit Name toggle & validation › 18. พิมพ์ใหม่หลัง error → error ถูกเคลียร์ (4.1s)
  ok  727 [tablet-768] › tests\qa-bo-001-auth-dashboard.spec.js:523:5 › QA-BO-001: Login + Dashboard (strict) › Dashboard — Work Queue (7 rows ตามลำดับ) › 39. Work Queue priority ถูกต้อง (high/medium/normal) (2.0s)
  ok  729 [tablet-768] › tests\qa-bo-001-auth-dashboard.spec.js:543:5 › QA-BO-001: Login + Dashboard (strict) › Dashboard — Work Queue (7 rows ตามลำดับ) › 40. Work Queue rows มี count + module jump (2.3s)
  ok  728 [tablet-768] › tests\qa-bo-019a-my-account.spec.js:284:3 › QA-BO-019a: My Account — save flow, no-op, audit › 19. บันทึกชื่อใหม่ → success toast + ชื่อบนหน้าและ sidebar footer อัปเดต (3.6s)
  ok  730 [tablet-768] › tests\qa-bo-001-auth-dashboard.spec.js:555:5 › QA-BO-001: Login + Dashboard (strict) › Dashboard — Work Queue (7 rows ตามลำดับ) › 41. คลิก Work Queue row 1 (รายงานสินทรัพย์) → Asset Management / Reported Assets (2.7s)
  ok  731 [tablet-768] › tests\qa-bo-019a-my-account.spec.js:301:3 › QA-BO-019a: My Account — save flow, no-op, audit › 20. trim: ชื่อใหม่ที่มี space หน้า/หลัง → บันทึกค่าที่ trim แล้ว (3.4s)
  ok  732 [tablet-768] › tests\qa-bo-001-auth-dashboard.spec.js:567:5 › QA-BO-001: Login + Dashboard (strict) › Dashboard — Work Queue (7 rows ตามลำดับ) › 42. คลิก Work Queue row 2 (รายงานผู้ใช้) → User Management / Reported Users (2.8s)
  ok  733 [tablet-768] › tests\qa-bo-019a-my-account.spec.js:310:3 › QA-BO-019a: My Account — save flow, no-op, audit › 21. save สำเร็จ → สร้าง audit ADMIN_PROFILE_UPDATE (module My Account, ไม่มี secret) (3.5s)
  ok  734 [tablet-768] › tests\qa-bo-001-auth-dashboard.spec.js:579:5 › QA-BO-001: Login + Dashboard (strict) › Dashboard — Work Queue (7 rows ตามลำดับ) › 43. คลิก Work Queue row 4 (คำขอลบบัญชี) → Account Deletion (2.6s)
  ok  736 [tablet-768] › tests\qa-bo-001-auth-dashboard.spec.js:590:5 › QA-BO-001: Login + Dashboard (strict) › Dashboard — Recent Activity › 44. Recent Activity filter 5 ตัว: ทั้งหมด/Report/Offer/Content/System (2.3s)
  ok  735 [tablet-768] › tests\qa-bo-019a-my-account.spec.js:337:3 › QA-BO-019a: My Account — save flow, no-op, audit › 22. no-op: บันทึกชื่อเดิม → toast ไม่มีการเปลี่ยนแปลง + ไม่สร้าง audit + revision คงเดิม (3.6s)
  ok  737 [tablet-768] › tests\qa-bo-001-auth-dashboard.spec.js:600:5 › QA-BO-001: Login + Dashboard (strict) › Dashboard — Recent Activity › 45. filter ทำงานจริง — Report แสดงเฉพาะ report events (2.7s)
  ok  738 [tablet-768] › tests\qa-bo-019a-my-account.spec.js:352:3 › QA-BO-019a: My Account — save flow, no-op, audit › 23. Enter ใน input → save เหมือนกดปุ่มบันทึก (3.2s)
  ok  739 [tablet-768] › tests\qa-bo-001-auth-dashboard.spec.js:617:5 › QA-BO-001: Login + Dashboard (strict) › Dashboard — Recent Activity › 46. activity rows มี title + time + module jump (1.9s)
  ok  741 [tablet-768] › tests\qa-bo-001-auth-dashboard.spec.js:634:5 › QA-BO-001: Login + Dashboard (strict) › Dashboard — panels (4 cards) › 47. Dashboard panels ครบ 4: Asset Status, Offer Status, Latest Articles, Top Searched Brands (2.3s)
  ok  740 [tablet-768] › tests\qa-bo-019a-my-account.spec.js:362:3 › QA-BO-019a: My Account — save flow, no-op, audit › 24. stale revision → reject ไม่ commit + error toast (ข้อมูลเปลี่ยนระหว่างแก้ไข) (3.8s)
  ok  742 [tablet-768] › tests\qa-bo-001-auth-dashboard.spec.js:647:5 › QA-BO-001: Login + Dashboard (strict) › Dashboard — panels (4 cards) › 48. Offer Status panel 6 rows ตามลำดับ status (2.2s)
  ok  744 [tablet-768] › tests\qa-bo-001-auth-dashboard.spec.js:656:5 › QA-BO-001: Login + Dashboard (strict) › Dashboard — panels (4 cards) › 49. Latest Articles panel 3 rows พร้อม status value (2.1s)
  ok  743 [tablet-768] › tests\qa-bo-019a-my-account.spec.js:386:3 › QA-BO-019a: My Account — states & access gating › 25. scenario Loading → skeleton/state block loading แสดง (3.9s)
  ok  745 [tablet-768] › tests\qa-bo-001-auth-dashboard.spec.js:669:5 › QA-BO-001: Login + Dashboard (strict) › Dashboard — panels (4 cards) › 50. Top Searched Brands panel 5 brands พร้อม percent + bar (2.5s)
  ok  747 [tablet-768] › tests\qa-bo-001-auth-dashboard.spec.js:682:5 › QA-BO-001: Login + Dashboard (strict) › Dashboard — panels (4 cards) › 51. Offer Status rows → Offer Management (4.4s)
  ok  746 [tablet-768] › tests\qa-bo-019a-my-account.spec.js:393:3 › QA-BO-019a: My Account — states & access gating › 26. scenario Load Error → error block + ปุ่มลองอีกครั้ง → retry กลับมา ready (6.2s)
  ok  748 [tablet-768] › tests\qa-bo-001-auth-dashboard.spec.js:693:5 › QA-BO-001: Login + Dashboard (strict) › Dashboard — panels (4 cards) › 52. Latest Articles rows → Content Management (2.1s)
  ok  750 [tablet-768] › tests\qa-bo-001-auth-dashboard.spec.js:704:5 › QA-BO-001: Login + Dashboard (strict) › Dashboard — panels (4 cards) › 53. Top Searched Brands rows → Market Demand / Search Insights (2.1s)
  ok  749 [tablet-768] › tests\qa-bo-019a-my-account.spec.js:404:3 › QA-BO-019a: My Account — states & access gating › 27. scenario Session Expired → state block + ปุ่มกลับไปหน้า Login (4.9s)
  ok  751 [tablet-768] › tests\qa-bo-001-auth-dashboard.spec.js:720:5 › QA-BO-001: Login + Dashboard (strict) › Dashboard — menu active state › 54. menu Dashboard active เมื่ออยู่ในหน้า Dashboard (2.5s)
  ok  752 [tablet-768] › tests\qa-bo-019a-my-account.spec.js:415:3 › QA-BO-019a: My Account — states & access gating › 28. self account ไม่ใช่ Active → page gate แสดง session-expired (permission beyond UI) (3.6s)
  ok  753 [tablet-768] › tests\qa-bo-001-auth-dashboard.spec.js:727:5 › QA-BO-001: Login + Dashboard (strict) › Dashboard — menu active state › 55. คลิก metric card แล้ว menu active เปลี่ยน + Dashboard ไม่ active (2.7s)
  ok  754 [tablet-768] › tests\qa-bo-019a-my-account.spec.js:430:3 › QA-BO-019a: My Account — states & access gating › 29. save ถูก reject เมื่อ self account ไม่ใช่ Active ระหว่างแก้ไข (boundary check ระดับ commit) (3.1s)
  ok  755 [tablet-768] › tests\qa-bo-001-auth-dashboard.spec.js:741:5 › QA-BO-001: Login + Dashboard (strict) › Dashboard — responsive section order (mobile) › 56. mobile 390px: ลำดับ Header → KPI → Work Queue → Activity → Panels (3.8s)
  ok  756 [tablet-768] › tests\qa-bo-019a-my-account.spec.js:449:3 › QA-BO-019a: My Account — states & access gating › 30. self-only: ไม่มี target admin id param — resolve จาก auth.admin.accountId เท่านั้น (3.0s)
  ok  757 [tablet-768] › tests\qa-bo-001-auth-dashboard.spec.js:762:5 › QA-BO-001: Login + Dashboard (strict) › Dashboard — responsive content completeness › 57. mobile 390px: KPI 8 cards + Work Queue 7 rows ไม่หาย (2.4s)
  ok  758 [tablet-768] › tests\qa-bo-019a-my-account.spec.js:468:3 › QA-BO-019a: My Account — regression การนำทาง › 31. ออกจาก My Account ไป Dashboard → my-account-mode ถูกถอด + state กลับ ready (5.4s)
  ok  759 [tablet-768] › tests\qa-bo-001-auth-dashboard.spec.js:772:5 › QA-BO-001: Login + Dashboard (strict) › Dashboard — responsive content completeness › 58. tablet 768px: ครบทุก section (4.6s)
  ok  761 [tablet-768] › tests\qa-bo-001-auth-dashboard.spec.js:783:5 › QA-BO-001: Login + Dashboard (strict) › Dashboard — responsive content completeness › 59. desktop 1280px: ครบทุก section (2.9s)
  ok  760 [tablet-768] › tests\qa-bo-019a-my-account.spec.js:484:3 › QA-BO-019a: My Account — regression การนำทาง › 32. my-account-mode ไม่ leak ไปหน้า Settings > Support Center (4.7s)
  ok  762 [tablet-768] › tests\qa-bo-001-auth-dashboard.spec.js:794:5 › QA-BO-001: Login + Dashboard (strict) › Dashboard — responsive content completeness › 60. desktop 1440px: ครบทุก section (3.2s)
  ok  763 [tablet-768] › tests\qa-bo-019b-my-account-change-password.spec.js:79:3 › QA-BO-019b: Change Password — security section & entry › 1. Security actions แสดงปุ่ม เปลี่ยนรหัสผ่าน (action เดียว ไม่มี heading/tile — password ไม่ render บนหน้า) (2.7s)
  ok  765 [tablet-768] › tests\qa-bo-019b-my-account-change-password.spec.js:94:3 › QA-BO-019b: Change Password — security section & entry › 2. ไม่มี plaintext password บนหน้า/DOM (mask เท่านั้น — credential store ไม่ render) (3.0s)
  ok  766 [tablet-768] › tests\qa-bo-019b-my-account-change-password.spec.js:107:3 › QA-BO-019b: Change Password — modal open/close & fields › 3. กด เปลี่ยนรหัสผ่าน → modal เปิด ครบ 3 password fields + policy checklist + ปุ่ม footer (3.6s)
  ok  764 [tablet-768] › tests\qa-bo-001-auth-dashboard.spec.js:807:5 › QA-BO-001: Login + Dashboard (strict) › Login — responsive all 4 viewports › 61. ทุก viewport: login screen แสดง + form ใช้งานได้ (8.5s)
  ok  768 [tablet-768] › tests\qa-bo-019c-my-account-active-sessions.spec.js:72:3 › QA-BO-019c: Active Sessions — section & list rendering › 1. Active Sessions section แสดงบนหน้า My Account (heading + note + session list) (3.0s)
  ok  767 [tablet-768] › tests\qa-bo-019b-my-account-change-password.spec.js:122:3 › QA-BO-019b: Change Password — modal open/close & fields › 4. autocomplete=off ทุก field (prototype — กัน browser autofill ค่าที่เคยกรอกกลับมา) (3.7s)
  ok  769 [tablet-768] › tests\qa-bo-019c-my-account-active-sessions.spec.js:81:3 › QA-BO-019c: Active Sessions — section & list rendering › 2. current session แสดงแถวแรก + pill 'อุปกรณ์นี้' + 'กำลังใช้งาน' + ไม่มีปุ่มออกจากระบบ (2.9s)
  ok  770 [tablet-768] › tests\qa-bo-019b-my-account-change-password.spec.js:129:3 › QA-BO-019b: Change Password — modal open/close & fields › 5. กด ยกเลิก → modal ปิด + credential ไม่เปลี่ยน + ไม่สร้าง audit (4.2s)
  ok  771 [tablet-768] › tests\qa-bo-019c-my-account-active-sessions.spec.js:93:3 › QA-BO-019c: Active Sessions — section & list rendering › 3. session อื่นแสดง metadata ครบ (device·browser / location / masked IP / last active) + ปุ่มออกจากระบบ (2.7s)
  ok  772 [tablet-768] › tests\qa-bo-019b-my-account-change-password.spec.js:140:3 › QA-BO-019b: Change Password — modal open/close & fields › 6. password toggle show/hide ทำงานทุก field (eye ↔ eyeOff) (3.7s)
  ok  773 [tablet-768] › tests\qa-bo-019c-my-account-active-sessions.spec.js:104:3 › QA-BO-019c: Active Sessions — section & list rendering › 4. IP ทุก session ถูก mask (มี .xx) — ไม่ render full IPv4 บนหน้า (2.8s)
  ok  774 [tablet-768] › tests\qa-bo-019b-my-account-change-password.spec.js:156:3 › QA-BO-019b: Change Password — validation & live policy › 7. submit ทุก field ว่าง → error ใต้ current field + input invalid (6.1s)
  ok  775 [tablet-768] › tests\qa-bo-019c-my-account-active-sessions.spec.js:113:3 › QA-BO-019c: Active Sessions — section & list rendering › 5. ไม่มี session secret/token หลุดบน DOM (render เฉพาะ metadata ที่ mask แล้ว) (5.6s)
  ok  777 [tablet-768] › tests\qa-bo-019c-my-account-active-sessions.spec.js:124:3 › QA-BO-019c: Active Sessions — revoke modal flow › 6. กด ออกจากระบบ → confirm modal เปิดพร้อม session summary + impact warning + ปุ่ม footer (3.5s)
  ok  776 [tablet-768] › tests\qa-bo-019b-my-account-change-password.spec.js:166:3 › QA-BO-019b: Change Password — validation & live policy › 8. current ผิด → error 'รหัสผ่านปัจจุบันไม่ถูกต้อง' + fail count เพิ่ม + ไม่ commit (4.1s)
  ok  778 [tablet-768] › tests\qa-bo-019c-my-account-active-sessions.spec.js:139:3 › QA-BO-019c: Active Sessions — revoke modal flow › 7. กด ยกเลิก → modal ปิด + session ยัง Active + ไม่สร้าง audit (3.4s)
  ok  779 [tablet-768] › tests\qa-bo-019b-my-account-change-password.spec.js:178:3 › QA-BO-019b: Change Password — validation & live policy › 9. new ว่าง → error 'กรุณากรอกรหัสผ่านใหม่' (3.5s)
  ok  780 [tablet-768] › tests\qa-bo-019c-my-account-active-sessions.spec.js:153:3 › QA-BO-019c: Active Sessions — revoke modal flow › 8. ยืนยัน revoke → session หลุดจาก list + status=Revoked + success toast (3.6s)
  ok  781 [tablet-768] › tests\qa-bo-019b-my-account-change-password.spec.js:186:3 › QA-BO-019b: Change Password — validation & live policy › 10. new ไม่ผ่าน policy → error + checklist แสดง rule ที่ไม่ผ่าน (4.6s)
  ok  782 [tablet-768] › tests\qa-bo-019c-my-account-active-sessions.spec.js:170:3 › QA-BO-019c: Active Sessions — revoke modal flow › 9. revoke ครบทุก session อื่น → เหลือเฉพาะ current session (4.0s)
  ok  783 [tablet-768] › tests\qa-bo-019b-my-account-change-password.spec.js:199:3 › QA-BO-019b: Change Password — validation & live policy › 11. live checklist: พิมพ์ new password ผ่าน policy → ทุก rule data-pass=true ทันที (3.6s)
  ok  784 [tablet-768] › tests\qa-bo-019c-my-account-active-sessions.spec.js:187:3 › QA-BO-019c: Active Sessions — audit › 10. revoke สำเร็จ → audit ADMIN_SESSION_REVOKE พอดี 1 event (module My Account, risk Medium) (3.7s)
  ok  785 [tablet-768] › tests\qa-bo-019b-my-account-change-password.spec.js:212:3 › QA-BO-019b: Change Password — validation & live policy › 12. confirm ว่าง → error 'กรุณายืนยันรหัสผ่านใหม่' (3.5s)
  ok  786 [tablet-768] › tests\qa-bo-019c-my-account-active-sessions.spec.js:208:3 › QA-BO-019c: Active Sessions — audit › 11. audit ไม่ลงข้อมูลลับ — ไม่มี password/token/full IP (masked IP เท่านั้น) (4.5s)
  ok  787 [tablet-768] › tests\qa-bo-019b-my-account-change-password.spec.js:220:3 › QA-BO-019b: Change Password — validation & live policy › 13. confirm ไม่ตรง new → error 'รหัสผ่านไม่ตรงกัน' (3.3s)
  ok  788 [tablet-768] › tests\qa-bo-019c-my-account-active-sessions.spec.js:228:3 › QA-BO-019c: Active Sessions — boundary checks › 12. stale commit: account revision เปลี่ยนระหว่างเปิด modal → reject + error toast + session คงอยู่ (3.6s)
  ok  789 [tablet-768] › tests\qa-bo-019b-my-account-change-password.spec.js:228:3 › QA-BO-019b: Change Password — validation & live policy › 14. new เหมือน current → error 'รหัสผ่านใหม่ต้องไม่ซ้ำกับรหัสผ่านปัจจุบัน' (หลังเปลี่ยนเป็นรหัสที่ผ่าน policy) (4.6s)
  ok  790 [tablet-768] › tests\qa-bo-019c-my-account-active-sessions.spec.js:248:3 › QA-BO-019c: Active Sessions — boundary checks › 13. session ถูก revoke ไปแล้วระหว่างเปิด modal → warning toast + ไม่ commit ซ้ำ + ไม่สร้าง audit (3.3s)
  ok  791 [tablet-768] › tests\qa-bo-019b-my-account-change-password.spec.js:246:3 › QA-BO-019b: Change Password — validation & live policy › 15. พิมพ์ใหม่หลัง error → error ถูกเคลียร์ทันที (4.2s)
  ok  792 [tablet-768] › tests\qa-bo-019c-my-account-active-sessions.spec.js:267:3 › QA-BO-019c: Active Sessions — boundary checks › 14. current session revoke ผ่าน function ตรง ๆ → reject (ไม่เปิด modal) + warning toast (3.4s)
  ok  793 [tablet-768] › tests\qa-bo-019b-my-account-change-password.spec.js:262:3 › QA-BO-019b: Change Password — commit & audit › 16. เปลี่ยนสำเร็จ → success toast + credential อัปเดต + revision/sessionRevision bump + modal ปิด (4.3s)
  ok  794 [tablet-768] › tests\qa-bo-019c-my-account-active-sessions.spec.js:279:3 › QA-BO-019c: Active Sessions — boundary checks › 15. self account ไม่ใช่ Active ระหว่างเปิด modal → confirm reject + session คงอยู่ (3.7s)
  ok  796 [tablet-768] › tests\qa-bo-019c-my-account-active-sessions.spec.js:302:3 › QA-BO-019c: Active Sessions — boundary checks › 16. self-only: auth.admin.accountId ชี้ account อื่น → confirm ไม่ commit (identity resolve จาก auth เท่านั้น) (3.8s)
  ok  795 [tablet-768] › tests\qa-bo-019b-my-account-change-password.spec.js:281:3 › QA-BO-019b: Change Password — commit & audit › 17. เปลี่ยนสำเร็จ → audit ADMIN_PASSWORD_CHANGE (module My Account, risk High, ไม่มี password ใน payload) (4.7s)
  ok  798 [tablet-768] › tests\qa-bo-019b-my-account-change-password.spec.js:302:3 › QA-BO-019b: Change Password — commit & audit › 18. Enter ใน field → submit เหมือนกดปุ่มเปลี่ยนรหัสผ่าน (3.8s)
  ok  797 [tablet-768] › tests\qa-bo-019c-my-account-active-sessions.spec.js:321:3 › QA-BO-019c: Active Sessions — sessionRevision linkage › 17. เปลี่ยนรหัสผ่านสำเร็จ → sessionRevision bump → session อื่นหลุดจาก list เหลือแค่ current (4.2s)
  ok  799 [tablet-768] › tests\qa-bo-019b-my-account-change-password.spec.js:311:3 › QA-BO-019b: Change Password — commit & audit › 19. fail count reset หลังเปลี่ยนสำเร็จ (attempt ก่อนหน้าไม่ติดลบค้าง) (4.1s)
  ok  800 [tablet-768] › tests\qa-bo-019c-my-account-active-sessions.spec.js:341:3 › QA-BO-019c: Active Sessions — sessionRevision linkage › 18. sessionRevision bump จากอุปกรณ์อื่น → current session stale → session-expired gate (AIL-023b uniform epoch) (6.1s)
  ok  801 [tablet-768] › tests\qa-bo-019b-my-account-change-password.spec.js:331:3 › QA-BO-019b: Change Password — rate limit cooldown › 20. current ผิดครบ 5 ครั้ง → cooldown: submit disabled + countdown + audit Failed/RATE_LIMITED (3.3s)
  ok  802 [tablet-768] › tests\qa-bo-019c-my-account-active-sessions.spec.js:377:3 › QA-BO-019c: Active Sessions — responsive & regression › 19. responsive: session rows + revoke action render/ใช้งานได้ทุก viewport (3.5s)
  ok  803 [tablet-768] › tests\qa-bo-019b-my-account-change-password.spec.js:354:3 › QA-BO-019b: Change Password — rate limit cooldown › 21. cooldown คงอยู่ข้ามการปิด/เปิด modal (state ระดับ account ไม่ใช่ modal) (3.8s)
  ok  804 [tablet-768] › tests\qa-bo-019c-my-account-active-sessions.spec.js:395:3 › QA-BO-019c: Active Sessions — responsive & regression › 20. regression: Edit Name + Change Password + scenario tools ยังทำงานหลังเพิ่ม section (3.9s)
  ok  805 [tablet-768] › tests\qa-bo-019b-my-account-change-password.spec.js:373:3 › QA-BO-019b: Change Password — rate limit cooldown › 22. submit ระหว่าง cooldown → no-op (guard ระดับ function ไม่พึ่ง disabled เพียงอย่างเดียว) (3.5s)
  ok  806 [tablet-768] › tests\qa-bo-019d-my-account-logout-all.spec.js:73:3 › QA-BO-019d: Logout All Devices — entry button › 1. ปุ่ม ออกจากระบบทุกอุปกรณ์ แสดงท้าย Active Sessions section หลัง session list (warning style) (2.8s)
  ok  808 [tablet-768] › tests\qa-bo-019d-my-account-logout-all.spec.js:95:3 › QA-BO-019d: Logout All Devices — confirm modal › 2. กดปุ่ม → confirm modal เปิดพร้อม session count + current device highlight + impact warning + footer (3.3s)
  ok  807 [tablet-768] › tests\qa-bo-019b-my-account-change-password.spec.js:388:3 › QA-BO-019b: Change Password — rate limit cooldown › 23. cooldown หมด → submit กลับมาใช้ได้ + fail count reset (5.5s)
  ok  809 [tablet-768] › tests\qa-bo-019d-my-account-logout-all.spec.js:114:3 › QA-BO-019d: Logout All Devices — confirm modal › 3. กด ยกเลิก → modal ปิด + ทุก session ยัง Active + ไม่สร้าง audit + ไม่กลับหน้า Login (3.3s)
  ok  810 [tablet-768] › tests\qa-bo-019b-my-account-change-password.spec.js:404:3 › QA-BO-019b: Change Password — rate limit cooldown › 24. cooldown หมดตอน modal ปิด → เปิดใหม่ไม่มี banner + counter reset (attempt ใหม่นับจาก 1) (5.3s)
  ok  811 [tablet-768] › tests\qa-bo-019d-my-account-logout-all.spec.js:136:3 › QA-BO-019d: Logout All Devices — confirm & teardown › 4. ยืนยัน → ทุก session (รวม current) ถูก Revoked + กลับหน้า Login (ไม่มี toast ลอยทับ) (3.7s)
  ok  812 [tablet-768] › tests\qa-bo-019b-my-account-change-password.spec.js:434:3 › QA-BO-019b: Change Password — boundary checks › 25. stale revision → reject ไม่ commit + error toast (revision เปลี่ยนระหว่างเปิด modal) (4.2s)
  ok  813 [tablet-768] › tests\qa-bo-019d-my-account-logout-all.spec.js:157:3 › QA-BO-019d: Logout All Devices — confirm & teardown › 5. login ใหม่หลัง teardown → My Account แสดง current session ใหม่ (lazy issuance) (5.2s)
  ok  814 [tablet-768] › tests\qa-bo-019b-my-account-change-password.spec.js:450:3 › QA-BO-019b: Change Password — boundary checks › 26. self account ไม่ใช่ Active ตอน commit → reject (boundary check ระดับ commit) (3.8s)
  ok  815 [tablet-768] › tests\qa-bo-019d-my-account-logout-all.spec.js:186:3 › QA-BO-019d: Logout All Devices — audit › 6. ยืนยันสำเร็จ → audit ADMIN_SESSION_REVOKE_ALL พอดี 1 event (aggregate, module My Account, risk Medium) (3.4s)
  ok  816 [tablet-768] › tests\qa-bo-019b-my-account-change-password.spec.js:467:3 › QA-BO-019b: Change Password — boundary checks › 27. self-only: auth.admin.accountId เปลี่ยนเป็น account อื่นระหว่างเปิด modal → commit ถูก reject (4.2s)
  ok  817 [tablet-768] › tests\qa-bo-019d-my-account-logout-all.spec.js:207:3 › QA-BO-019d: Logout All Devices — audit › 7. audit ไม่ลงข้อมูลลับ — ไม่มี password/token/secret/full IP (4.0s)
  ok  818 [tablet-768] › tests\qa-bo-019b-my-account-change-password.spec.js:485:3 › QA-BO-019b: Change Password — regression › 28. ปิด modal แล้ว state/class ถูกล้าง — ไม่ค้าง my-account-password-modal หรือ password field (4.1s)
  ok  819 [tablet-768] › tests\qa-bo-019d-my-account-logout-all.spec.js:225:3 › QA-BO-019d: Logout All Devices — boundary checks › 8. stale commit: revision เปลี่ยนระหว่างเปิด modal → reject + error toast + sessions คงอยู่ + ไม่กลับ Login (3.6s)
  ok  820 [tablet-768] › tests\qa-bo-019b-my-account-change-password.spec.js:496:3 › QA-BO-019b: Change Password — regression › 29. Edit Name flow เดิมยังทำงานปกติหลังมี Change Password (regression AIL-020) (3.5s)
  ok  821 [tablet-768] › tests\qa-bo-019d-my-account-logout-all.spec.js:248:3 › QA-BO-019d: Logout All Devices — boundary checks › 9. ไม่มี active session ระหว่างเปิด modal → confirm reject + warning toast + ไม่กลับ Login (3.8s)
  ok  822 [tablet-768] › tests\qa-bo-019e-my-account-session-expired.spec.js:83:3 › QA-BO-019e: Session Expired — system triggers › 1. idle timeout: lastActiveTs เกิน 8h → gate expired + sweep flip status=Expired (3.6s)
  ok  823 [tablet-768] › tests\qa-bo-019d-my-account-logout-all.spec.js:264:3 › QA-BO-019d: Logout All Devices — boundary checks › 10. self account ไม่ใช่ Active ระหว่างเปิด modal → confirm reject + sessions คงอยู่ (3.5s)
  ok  824 [tablet-768] › tests\qa-bo-019e-my-account-session-expired.spec.js:101:3 › QA-BO-019e: Session Expired — system triggers › 2. max session lifetime: signedInTs เกิน 24h → gate expired + reason Max session lifetime (3.6s)
  ok  825 [tablet-768] › tests\qa-bo-019d-my-account-logout-all.spec.js:287:3 › QA-BO-019d: Logout All Devices — boundary checks › 11. self-only: auth.admin.accountId ชี้ account อื่น → confirm ไม่ commit (identity resolve จาก auth เท่านั้น) (3.7s)
  ok  826 [tablet-768] › tests\qa-bo-019e-my-account-session-expired.spec.js:117:3 › QA-BO-019e: Session Expired — system triggers › 3. session ถูก revoke จากอุปกรณ์อื่น (status=Revoked) → render ถัดไป gate expired (3.4s)
  ok  827 [tablet-768] › tests\qa-bo-019d-my-account-logout-all.spec.js:303:3 › QA-BO-019d: Logout All Devices — boundary checks › 12. ไม่มี active session → เปิด modal ผ่าน function ตรง ๆ → reject (ไม่เปิด modal) + warning toast (3.3s)
  ok  828 [tablet-768] › tests\qa-bo-019e-my-account-session-expired.spec.js:129:3 › QA-BO-019e: Session Expired — system triggers › 4. sessionRevision stale: epoch bump จาก context อื่น → current session invalid → gate expired (3.4s)
  ok  829 [tablet-768] › tests\qa-bo-019d-my-account-logout-all.spec.js:321:3 › QA-BO-019d: Logout All Devices — responsive & regression › 13. responsive: ปุ่ม + modal + teardown flow ทำงานครบทุก viewport (5.2s)
  ok  830 [tablet-768] › tests\qa-bo-019e-my-account-session-expired.spec.js:143:3 › QA-BO-019e: Session Expired — system triggers › 5. session watch: revoke จาก context อื่นโดยไม่ render → หน้า flip เป็น expired เอง (3.9s)
  ok  832 [tablet-768] › tests\qa-bo-019e-my-account-session-expired.spec.js:156:3 › QA-BO-019e: Session Expired — system triggers › 6. session อื่น idle เกิน 8h → หลุดจาก list + sweep เป็น Expired — แต่หน้าไม่ gate (3.1s)
  ok  831 [tablet-768] › tests\qa-bo-019d-my-account-logout-all.spec.js:337:3 › QA-BO-019d: Logout All Devices — responsive & regression › 14. regression: per-session revoke + Edit Name + Change Password ยังทำงาน (4.9s)
  ok  834 [tablet-768] › tests\qa-bo-020-forgot-password.spec.js:69:3 › QA-BO-020: Forgot Password — entry & structure › 1. ปุ่ม ลืมรหัสผ่าน? บนหน้า Login กดได้ → เปิด forgot screen และซ่อน login (1.0s)
  ok  835 [tablet-768] › tests\qa-bo-020-forgot-password.spec.js:81:3 › QA-BO-020: Forgot Password — entry & structure › 2. ready state: title + email field (type/autocomplete) + submit + back link + scenario tools (1.6s)
  ok  833 [tablet-768] › tests\qa-bo-019e-my-account-session-expired.spec.js:171:3 › QA-BO-019e: Session Expired — system triggers › 7. currentSessionId ชี้ session ที่ไม่มีใน registry → gate expired (3.9s)
  ok  836 [tablet-768] › tests\qa-bo-020-forgot-password.spec.js:94:3 › QA-BO-020: Forgot Password — entry & structure › 3. ลิงก์ กลับไปหน้า Login → กลับ login screen และ login ได้ตามเดิม (1.8s)
  ok  838 [tablet-768] › tests\qa-bo-020-forgot-password.spec.js:111:3 › QA-BO-020: Forgot Password — validation › 4. email ว่าง → field error + ไม่สร้าง request/audit (1.3s)
  ok  837 [tablet-768] › tests\qa-bo-019e-my-account-session-expired.spec.js:186:3 › QA-BO-019e: Session Expired — state block & CTA › 8. expired block: title + subtitle + CTA กลับไปหน้า Login (generic message ไม่บอกสาเหตุ) (4.0s)
  ok  839 [tablet-768] › tests\qa-bo-020-forgot-password.spec.js:122:3 › QA-BO-020: Forgot Password — validation › 5. email ผิดรูปแบบ → field error + ไม่สร้าง request/audit (1.6s)
  ok  841 [tablet-768] › tests\qa-bo-020-forgot-password.spec.js:133:3 › QA-BO-020: Forgot Password — validation › 6. พิมพ์แก้ email → field error ถูกเคลียร์ (2.5s)
  ok  840 [tablet-768] › tests\qa-bo-019e-my-account-session-expired.spec.js:204:3 › QA-BO-019e: Session Expired — state block & CTA › 9. CTA กลับไปหน้า Login → teardown + login screen เปล่า (copy บน expired block อธิบายแล้ว) (4.0s)
  ok  842 [tablet-768] › tests\qa-bo-020-forgot-password.spec.js:148:3 › QA-BO-020: Forgot Password — generic response › 7. eligible Active account → accepted state พร้อม generic message (2.5s)
  ok  844 [tablet-768] › tests\qa-bo-020-forgot-password.spec.js:155:3 › QA-BO-020: Forgot Password — generic response › 8. unknown email → accepted message เหมือน eligible ทุกตัวอักษร และไม่สร้าง request/audit/delivery (2.2s)
  ok  843 [tablet-768] › tests\qa-bo-019e-my-account-session-expired.spec.js:221:3 › QA-BO-019e: Session Expired — state block & CTA › 10. re-login หลัง expired → session ใหม่ถูกออก → My Account ใช้ได้ + session เดิมคง Expired/Revoked (4.9s)
  ok  845 [tablet-768] › tests\qa-bo-020-forgot-password.spec.js:167:3 › QA-BO-020: Forgot Password — generic response › 9. Suspended account → accepted เหมือนเดิม + audit Failed ACCOUNT_INELIGIBLE (ไม่ออก token) (2.6s)
  ok  847 [tablet-768] › tests\qa-bo-020-forgot-password.spec.js:183:3 › QA-BO-020: Forgot Password — generic response › 10. Invited account → accepted เหมือนเดิม + audit Failed ACCOUNT_INELIGIBLE (2.2s)
  ok  846 [tablet-768] › tests\qa-bo-019e-my-account-session-expired.spec.js:246:3 › QA-BO-019e: Session Expired — state block & CTA › 11. user-initiated logout → login screen โดยไม่มี session-expired message (แยกจาก system expiry) (5.6s)
  ok  848 [tablet-768] › tests\qa-bo-020-forgot-password.spec.js:194:3 › QA-BO-020: Forgot Password — generic response › 11. Locked (failed login) → eligible: ออก token จริง แต่ UI ยัง generic เหมือนเดิม (2.9s)
  ok  850 [tablet-768] › tests\qa-bo-020-forgot-password.spec.js:204:3 › QA-BO-020: Forgot Password — generic response › 12. cooldown scenario → accepted เหมือนเดิม + audit COOLDOWN_ACTIVE + ไม่ออก RST ใหม่ (2.8s)
  ok  849 [tablet-768] › tests\qa-bo-019e-my-account-session-expired.spec.js:256:3 › QA-BO-019e: Session Expired — state block & CTA › 12. scenario tool เลือก Ready ขณะ session invalid จริง → guard override กลับเป็น expired (demo tool ไม่ข้าม contract) (4.1s)
  ok  851 [tablet-768] › tests\qa-bo-020-forgot-password.spec.js:218:3 › QA-BO-020: Forgot Password — generic response › 13. quota scenario → accepted เหมือนเดิม + audit QUOTA_EXCEEDED (3.4s)
  ok  852 [tablet-768] › tests\qa-bo-019e-my-account-session-expired.spec.js:274:3 › QA-BO-019e: Session Expired — commit guards › 13. edit-name mid-modal: current session revoked → save reject + ไม่ commit + gate expired (4.0s)
  ok  853 [tablet-768] › tests\qa-bo-020-forgot-password.spec.js:229:3 › QA-BO-020: Forgot Password — generic response › 14. delivery-failed → accepted generic เหมือนเดิม แต่ delivery row + audit เป็น Failed (2.7s)
  ok  854 [tablet-768] › tests\qa-bo-019e-my-account-session-expired.spec.js:293:3 › QA-BO-019e: Session Expired — commit guards › 14. change-password mid-modal: current session expired → save reject + password ไม่เปลี่ยน + ไม่สร้าง audit (3.6s)
  ok  855 [tablet-768] › tests\qa-bo-020-forgot-password.spec.js:252:3 › QA-BO-020: Forgot Password — issuance & audit/delivery › 15. eligible → RST-xxxxx Pending 30 นาที + token hash-only + audit + delivery Sent (2.7s)
  ok  856 [tablet-768] › tests\qa-bo-019e-my-account-session-expired.spec.js:314:3 › QA-BO-019e: Session Expired — commit guards › 15. revoke-session mid-modal: current session revoked จากที่อื่น → confirm reject + target คงอยู่ (3.7s)
  ok  857 [tablet-768] › tests\qa-bo-020-forgot-password.spec.js:291:3 › QA-BO-020: Forgot Password — issuance & audit/delivery › 16. request ใหม่หลัง cooldown ผ่าน → supersede Pending เดิม + tokenRevision เพิ่ม (3.9s)
  ok  859 [tablet-768] › tests\qa-bo-020-forgot-password.spec.js:312:3 › QA-BO-020: Forgot Password — issuance & audit/delivery › 17. double-submit: กดส่งซ้ำเร็ว → idempotent สร้าง request เดียว (2.5s)
  ok  858 [tablet-768] › tests\qa-bo-019e-my-account-session-expired.spec.js:332:3 › QA-BO-019e: Session Expired — commit guards › 16. logout-all mid-modal: current session revoked → confirm reject + sessions อื่นคงอยู่ + gate expired (3.2s)
  ok  861 [tablet-768] › tests\qa-bo-019e-my-account-session-expired.spec.js:357:3 › QA-BO-019e: Session Expired — passive detection & security › 17. expiry detection ไม่สร้าง audit event (passive check — revoke ถูก audit ตอนกระทำแล้ว) (3.6s)
  ok  860 [tablet-768] › tests\qa-bo-020-forgot-password.spec.js:329:3 › QA-BO-020: Forgot Password — system error › 18. system-error scenario → generic error + retry; retry กลับ form แล้วส่งสำเร็จ (4.3s)
  ok  863 [tablet-768] › tests\qa-bo-020-forgot-password.spec.js:351:3 › QA-BO-020: Forgot Password — security & responsive › 19. DOM/state ที่ผู้ใช้เห็นไม่มี raw token, account id, หรือ failure code (2.5s)
  ok  862 [tablet-768] › tests\qa-bo-019e-my-account-session-expired.spec.js:370:3 › QA-BO-019e: Session Expired — passive detection & security › 18. expired state ไม่ render ข้อมูลบัญชี/session ต่อ — DOM มีแค่ state block (3.5s)
  ok  864 [tablet-768] › tests\qa-bo-020-forgot-password.spec.js:363:3 › QA-BO-020: Forgot Password — security & responsive › 20. forgot screen ไม่มี horizontal overflow และ CTA ใช้งานได้ทุก viewport (2.4s)
  ok  866 [tablet-768] › tests\qa-bo-020-forgot-password.spec.js:382:3 › QA-BO-020: Forgot Password — login regression › 21. login ปกติ + invalid credentials + auth-scenario ยังทำงานเหมือนเดิม (2.1s)
  ok  865 [tablet-768] › tests\qa-bo-019e-my-account-session-expired.spec.js:385:3 › QA-BO-019e: Session Expired — passive detection & security › 19. expired state ทำงานครบทุก viewport — block + CTA visible และ CTA กลับ login ได้ (4.6s)
  ok  867 [tablet-768] › tests\qa-bo-021-reset-password.spec.js:65:3 › QA-BO-021: Reset Password — entry & structure › 1. route #reset-token= → reset screen แทน login, token ถูก strip จาก address bar (1.4s)
  ok  869 [tablet-768] › tests\qa-bo-021-reset-password.spec.js:80:3 › QA-BO-021: Reset Password — entry & structure › 2. validating state → form state: title, masked email, fields, policy checklist, ไม่มี current password (2.3s)
  ok  870 [tablet-768] › tests\qa-bo-021-reset-password.spec.js:119:3 › QA-BO-021: Reset Password — entry & structure › 3. BACK TO LOGIN จาก recovery state → กลับ login screen ปกติ (1.8s)
  ok  868 [tablet-768] › tests\qa-bo-019e-my-account-session-expired.spec.js:401:3 › QA-BO-019e: Session Expired — passive detection & security › 20. regression: session ปกติ + scenario tools (ready/loading/error) ยังทำงานหลังเพิ่ม gate (5.4s)
  ok  871 [tablet-768] › tests\qa-bo-021-reset-password.spec.js:134:3 › QA-BO-021: Reset Password — token states › 4. invalid token → LINK NOT VALID + recovery channel ขอลิงก์ใหม่ (1.7s)
  ok  872 [tablet-768] › tests\qa-bo-022-failed-login-lockout.spec.js:59:3 › QA-BO-022: Failed Login Lockout — display › 1. ADM-007 (Locked failed_login) → lockout message + countdown + forgot hint ไม่สร้าง session (1.7s)
  ok  873 [tablet-768] › tests\qa-bo-021-reset-password.spec.js:150:3 › QA-BO-021: Reset Password — token states › 5. expired token → LINK EXPIRED + audit accept Failed EXPIRED + request ไม่ถูกแตะ (1.8s)
  ok  875 [tablet-768] › tests\qa-bo-021-reset-password.spec.js:167:3 › QA-BO-021: Reset Password — token states › 6. used token → LINK ALREADY USED + GO TO LOGIN (1.7s)
  ok  874 [tablet-768] › tests\qa-bo-022-failed-login-lockout.spec.js:77:3 › QA-BO-022: Failed Login Lockout — display › 2. countdown ลดลงจริงเมื่อเวลาผ่านไป (4.1s)
  ok  876 [tablet-768] › tests\qa-bo-021-reset-password.spec.js:178:3 › QA-BO-021: Reset Password — token states › 7. superseded token → LINK REPLACED (request ใหม่ supersede เดิมตาม issuance) (1.9s)
  ok  877 [tablet-768] › tests\qa-bo-022-failed-login-lockout.spec.js:90:3 › QA-BO-022: Failed Login Lockout — display › 3. login ที่ถูก block ระหว่าง lockout ถูก audit (ACCOUNT_LOCKED) โดยไม่มี password (1.6s)
  ok  878 [tablet-768] › tests\qa-bo-021-reset-password.spec.js:195:3 › QA-BO-021: Reset Password — token states › 8. Suspended account → RESET UNAVAILABLE (account_ineligible) + no mutation (2.3s)
  ok  879 [tablet-768] › tests\qa-bo-022-failed-login-lockout.spec.js:110:3 › QA-BO-022: Failed Login Lockout — threshold › 4. พลาด 1-4 ครั้ง → generic invalid error เท่านั้น ไม่มี lockout / attempts นับสะสม (2.7s)
  ok  880 [tablet-768] › tests\qa-bo-021-reset-password.spec.js:212:3 › QA-BO-021: Reset Password — token states › 9. security/admin Locked account → blocked (lock_reason_blocked), ไม่ปลดล็อก (1.6s)
  ok  882 [tablet-768] › tests\qa-bo-021-reset-password.spec.js:233:3 › QA-BO-021: Reset Password — token states › 10. Invited account → RESET UNAVAILABLE (account_ineligible) (1.4s)
  ok  881 [tablet-768] › tests\qa-bo-022-failed-login-lockout.spec.js:124:3 › QA-BO-022: Failed Login Lockout — threshold › 5. พลาดครบ 5 ครั้ง → account Locked + lockout display + audit ADMIN_LOGIN_LOCKED (2.9s)
  ok  883 [tablet-768] › tests\qa-bo-021-reset-password.spec.js:249:3 › QA-BO-021: Reset Password — form validation › 11. policy checklist อัปเดตแบบ live ตอนพิมพ์ (2.0s)
  ok  884 [tablet-768] › tests\qa-bo-022-failed-login-lockout.spec.js:148:3 › QA-BO-022: Failed Login Lockout — threshold › 6. submit ซ้ำขณะล็อกอยู่ → ยังแสดง lockout (re-check จาก state ทุกครั้ง) (3.0s)
  ok  885 [tablet-768] › tests\qa-bo-021-reset-password.spec.js:269:3 › QA-BO-021: Reset Password — form validation › 12. field ว่าง → error ผูก field + aria-invalid/aria-errormessage (1.8s)
  ok  886 [tablet-768] › tests\qa-bo-022-failed-login-lockout.spec.js:159:3 › QA-BO-022: Failed Login Lockout — threshold › 7. unknown email + bad-password → generic error เท่านั้น ไม่สร้าง attempt/audit (anti-enumeration) (2.2s)
  ok  887 [tablet-768] › tests\qa-bo-021-reset-password.spec.js:287:3 › QA-BO-021: Reset Password — form validation › 13. password ไม่ผ่าน policy → error; mismatch → confirm error; พิมพ์แก้เคลียร์ error (3.2s)
  ok  888 [tablet-768] › tests\qa-bo-022-failed-login-lockout.spec.js:175:3 › QA-BO-022: Failed Login Lockout — lock kinds › 8. security/admin lock → generic blocked message ไม่มี countdown/self-service hint (1.3s)
  ok  889 [tablet-768] › tests\qa-bo-021-reset-password.spec.js:308:3 › QA-BO-021: Reset Password — form validation › 14. password toggle สลับ type + aria-label ทั้งสอง field (1.9s)
  ok  890 [tablet-768] › tests\qa-bo-022-failed-login-lockout.spec.js:193:3 › QA-BO-022: Failed Login Lockout — lock kinds › 9. Suspended (ADM-006) → blocked message เดียวกัน ไม่มี countdown (1.9s)
  ok  891 [tablet-768] › tests\qa-bo-021-reset-password.spec.js:327:3 › QA-BO-021: Reset Password — commit › 15. Active account → success: token Used + credential updated + sessions revoked + revision+1 + audit (2.5s)
  ok  892 [tablet-768] › tests\qa-bo-022-failed-login-lockout.spec.js:207:3 › QA-BO-022: Failed Login Lockout — lock kinds › 10. Archived + Invited accounts → blocked safely เหมือนกัน (2.5s)
  ok  894 [tablet-768] › tests\qa-bo-022-failed-login-lockout.spec.js:224:3 › QA-BO-022: Failed Login Lockout — recovery › 11. lock หมดอายุ (scenario lockout-expired) → lazy unlock + login สำเร็จ + attempts เคลียร์ (1.8s)
  ok  893 [tablet-768] › tests\qa-bo-021-reset-password.spec.js:368:3 › QA-BO-021: Reset Password — commit › 16. failed-login Locked account → reset ปลดล็อกเป็น Active + clear lock marker (2.0s)
  ok  896 [tablet-768] › tests\qa-bo-021-reset-password.spec.js:386:3 › QA-BO-021: Reset Password — commit › 17. replay: เปิด token เดิมซ้ำหลังใช้แล้ว → LINK ALREADY USED (double-use ไม่ได้) (2.4s)
  ok  895 [tablet-768] › tests\qa-bo-022-failed-login-lockout.spec.js:236:3 › QA-BO-022: Failed Login Lockout — recovery › 12. countdown ถึง 0 → ปลดล็อกตาม state จริง + แสดง info state (3.8s)
  ok  897 [tablet-768] › tests\qa-bo-021-reset-password.spec.js:404:3 › QA-BO-021: Reset Password — commit › 18. commit-failed scenario → transient state + rollback ครบ + TRY AGAIN re-resolve แล้วสำเร็จ (2.6s)
  ok  898 [tablet-768] › tests\qa-bo-022-failed-login-lockout.spec.js:255:3 › QA-BO-022: Failed Login Lockout — recovery › 13. Reset Password ปลด failed-login lock → login ได้ (เส้นทาง AIL-025) (2.7s)
  ok  899 [tablet-768] › tests\qa-bo-021-reset-password.spec.js:451:3 › QA-BO-021: Reset Password — commit › 19. stale: account revision เปลี่ยนระหว่างเปิด form → submit ถูกบล็อก STALE_REQUEST + retry re-resolve (2.4s)
  ok  900 [tablet-768] › tests\qa-bo-022-failed-login-lockout.spec.js:285:3 › QA-BO-022: Failed Login Lockout — recovery › 14. security/admin lock → Reset Password ไม่ปลดล็อก (lock_reason_blocked) (2.3s)
  ok  901 [tablet-768] › tests\qa-bo-021-reset-password.spec.js:488:3 › QA-BO-021: Reset Password — security & responsive › 20. DOM/audit/delivery ไม่มี raw token, token hash, password หรือ secret (1.9s)
  ok  903 [tablet-768] › tests\qa-bo-021-reset-password.spec.js:512:3 › QA-BO-021: Reset Password — security & responsive › 21. reset screen ไม่มี horizontal overflow ทุก state (form/error/success) (3.0s)
  ok  902 [tablet-768] › tests\qa-bo-022-failed-login-lockout.spec.js:305:3 › QA-BO-022: Failed Login Lockout — recovery › 15. login สำเร็จปกติ → เคลียร์ failed-attempt counter (ไม่มี lock) (3.6s)
  ok  904 [tablet-768] › tests\qa-bo-021-reset-password.spec.js:537:3 › QA-BO-021: Reset Password — login/forgot regression › 22. login + forgot flow เดิมไม่เปลี่ยน หลัง reset flow เข้ามา (3.3s)
  ok  906 [tablet-768] › tests\qa-bo-024-password-recovery-functional.spec.js:163:3 › QA-BO-024: Password Recovery — golden-path journey › A1. journey ต่อเนื่องผ่าน UI: ลืมรหัสผ่าน → ขอลิงก์ → reset → กลับ Login → login → Dashboard (ไม่มี session ก่อน login จริง) (3.1s)
  ok  905 [tablet-768] › tests\qa-bo-023-self-service-functional.spec.js:127:3 › QA-BO-023: Self-Service — golden-path journey › A1. journey ต่อเนื่องใน session เดียว: Edit Name → revoke session อื่น → Change Password → Logout All → re-login → My Account ใช้ได้ + audit 4 events เรียงลำดับ (8.8s)
  ok  907 [tablet-768] › tests\qa-bo-024-password-recovery-functional.spec.js:223:3 › QA-BO-024: Password Recovery — audit/trace invariants › B1. audit chain ข้าม flow: REQUEST→DELIVERY→ACCEPT→COMMIT ใต้ correlationId เดียว + refs ผูกกันครบ (2.7s)
  ok  909 [tablet-768] › tests\qa-bo-024-password-recovery-functional.spec.js:265:3 › QA-BO-024: Password Recovery — audit/trace invariants › B2. เปิดลิงก์ซ้ำ (reopen) ก่อน commit → TOKEN_ACCEPT Success แค่ event เดียวต่อ request (3.2s)
  ok  908 [tablet-768] › tests\qa-bo-023-self-service-functional.spec.js:184:3 › QA-BO-023: Self-Service — audit/trace invariants › B1. แต่ละ mutation ผลิต event พอดี 1 รายการ + field ครบ (AUD id เพิ่มตามลำดับ, module=My Account, actor/result/target) (4.5s)
  ok  910 [tablet-768] › tests\qa-bo-024-password-recovery-functional.spec.js:292:3 › QA-BO-024: Password Recovery — audit/trace invariants › B3. artifacts ทั้ง journey (audit/delivery/record/DOM) ไม่มี raw token, token hash หรือ password (3.4s)
  ok  911 [tablet-768] › tests\qa-bo-023-self-service-functional.spec.js:221:3 › QA-BO-023: Self-Service — audit/trace invariants › B2. cancel / validation-fail / no-op save → ไม่สร้าง audit event (state ไม่ mutate) (6.1s)
  ok  912 [tablet-768] › tests\qa-bo-024-password-recovery-functional.spec.js:324:3 › QA-BO-024: Password Recovery — audit/trace invariants › B4. events + delivery ของ journey แสดงจริงใน Settings > Audit Log / Delivery Logs หลัง re-login (6.1s)
  ok  913 [tablet-768] › tests\qa-bo-023-self-service-functional.spec.js:266:3 › QA-BO-023: Self-Service — audit/trace invariants › B3. ทุก event ที่ journey สร้างไม่มี secret (password/reset token/credential/full IPv4) (4.8s)
  ok  914 [tablet-768] › tests\qa-bo-024-password-recovery-functional.spec.js:357:3 › QA-BO-024: Password Recovery — lockout-recovery chains › C1. failed login 5 ครั้งผ่าน UI → lockout + hint ชี้ forgot → forgot → reset → ปลดล็อก → login สำเร็จ (5.0s)
  ok  916 [tablet-768] › tests\qa-bo-024-password-recovery-functional.spec.js:392:3 › QA-BO-024: Password Recovery — lockout-recovery chains › C2. token ออกตอน Active → account ถูก lock ระหว่างลิงก์ค้าง → ลิงก์เดิมยังผ่าน → commit ปลดล็อก (3.8s)
  ok  915 [tablet-768] › tests\qa-bo-023-self-service-functional.spec.js:286:3 › QA-BO-023: Self-Service — audit/trace invariants › B4. self-service events แสดงจริงใน Settings > Audit Log (module badge My Account + risk ตรง event) (8.7s)
  ok  917 [tablet-768] › tests\qa-bo-024-password-recovery-functional.spec.js:421:3 › QA-BO-024: Password Recovery — lockout-recovery chains › C3. หลัง reset ปลดล็อก → failed-login counter เริ่มนับใหม่จาก 1 (ไม่ต่อจาก lock เดิม) (2.6s)
  ok  919 [tablet-768] › tests\qa-bo-024-password-recovery-functional.spec.js:449:3 › QA-BO-024: Password Recovery — token lifecycle chains › D1. ขอลิงก์ใหม่ผ่าน UI → ลิงก์เก่า LINK REPLACED → ลิงก์ใหม่ใช้ได้ → login สำเร็จ (4.4s)
  ok  918 [tablet-768] › tests\qa-bo-023-self-service-functional.spec.js:320:3 › QA-BO-023: Self-Service — cross-device session chains › C1. Change Password บนเครื่องนี้ → session ของอุปกรณ์อื่น stale → อุปกรณ์นั้นเจอ expired gate → re-login ออก session ใหม่ (7.1s)
  ok  920 [tablet-768] › tests\qa-bo-024-password-recovery-functional.spec.js:491:3 › QA-BO-024: Password Recovery — token lifecycle chains › D2. token ที่ commit แล้ว → replay = LINK ALREADY USED (ไม่มี forgot CTA) → ขอลิงก์ใหม่ใช้ได้ (5.9s)
  ok  921 [tablet-768] › tests\qa-bo-023-self-service-functional.spec.js:348:3 › QA-BO-023: Self-Service — cross-device session chains › C2. session ถูก revoke จากอีกเครื่อง → เครื่องนี้เจอ expired gate ที่ request ถัดไป → re-login ออก session ใหม่ (5.2s)
  ok  922 [tablet-768] › tests\qa-bo-024-password-recovery-functional.spec.js:520:3 › QA-BO-024: Password Recovery — token lifecycle chains › D3. expired link → LINK EXPIRED → กด ขอลิงก์ตั้งรหัสผ่านใหม่ → ลง forgot → token ใหม่ commit ได้ (3.9s)
  ok  923 [tablet-768] › tests\qa-bo-023-self-service-functional.spec.js:381:3 › QA-BO-023: Self-Service — boundary & isolation › D1. counter isolation: failed-login attempts กับ myAccountPwFailCount เป็น mechanism คนละตัว ไม่กระทบกัน (4.6s)
  ok  924 [tablet-768] › tests\qa-bo-024-password-recovery-functional.spec.js:558:3 › QA-BO-024: Password Recovery — boundary & cross-device › E1. reset จาก public context → session เครื่องที่ login ค้างถูก revoke → expired gate → re-login ออก session ใหม่ (3.1s)
  ok  926 [tablet-768] › tests\qa-bo-024-password-recovery-functional.spec.js:602:3 › QA-BO-024: Password Recovery — boundary & cross-device › E2. cooldown ยังมีผลหลัง token ถูก consume — ขอใหม่ทันทีหลัง reset → generic accepted แต่ไม่ออก RST + audit COOLDOWN_ACTIVE (4.1s)
  ok  925 [tablet-768] › tests\qa-bo-023-self-service-functional.spec.js:406:3 › QA-BO-023: Self-Service — boundary & isolation › D2. pw rate-limit cooldown ค้างอยู่ → login/logout ปกติ ไม่ block การเข้าสู่ระบบ (4.8s)
  ok  927 [tablet-768] › tests\qa-bo-023-self-service-functional.spec.js:430:3 › QA-BO-023: Self-Service — boundary & isolation › D3. re-login หลัง expired → ลง Dashboard + เข้า My Account ได้ปกติ (session ใหม่ Active) (6.7s)
  ok  928 [tablet-768] › tests\qa-bo-023-self-service-functional.spec.js:454:3 › QA-BO-023: Self-Service — boundary & isolation › D4. self ถูก Suspend กลาง session → request ถัดไปเจอ expired gate (status guard ทำงาน) (2.6s)
  ok  929 [mobile-390] › tests\qa-bo-001-auth-dashboard.spec.js:75:5 › QA-BO-001: Login + Dashboard (strict) › Login — dark theme & colors › 1. login-screen ใช้ dark theme background (3.0s)
  ok  931 [mobile-390] › tests\qa-bo-001-auth-dashboard.spec.js:86:5 › QA-BO-001: Login + Dashboard (strict) › Login — dark theme & colors › 2. login-panel ใช้ dark theme background (927ms)
  ok  930 [tablet-768] › tests\qa-bo-023-self-service-functional.spec.js:471:3 › QA-BO-023: Self-Service — boundary & isolation › D5. logged-out → renderModule('my-account') ไม่ leak protected content (app ซ่อน + login คงอยู่) (1.6s)
  ok  932 [mobile-390] › tests\qa-bo-001-auth-dashboard.spec.js:96:5 › QA-BO-001: Login + Dashboard (strict) › Login — split layout (desktop >1180px) › 3. desktop 1440px: visual อยู่ซ้าย, panel อยู่ขวา (split) (2.2s)
  ok  934 [mobile-390] › tests\qa-bo-001-auth-dashboard.spec.js:109:5 › QA-BO-001: Login + Dashboard (strict) › Login — split layout (desktop >1180px) › 4. desktop 1280px: visual อยู่ซ้าย, panel อยู่ขวา (split) (1.7s)
  ok  935 [mobile-390] › tests\qa-bo-001-auth-dashboard.spec.js:122:5 › QA-BO-001: Login + Dashboard (strict) › Login — single column (≤1180px) › 5. tablet 768px: visual อยู่บน, panel อยู่ล่าง (single column) (1.3s)
  ok  936 [mobile-390] › tests\qa-bo-001-auth-dashboard.spec.js:135:5 › QA-BO-001: Login + Dashboard (strict) › Login — single column (≤1180px) › 6. mobile 390px: visual อยู่บน, panel อยู่ล่าง (single column compact) (1.5s)
  ok  937 [mobile-390] › tests\qa-bo-001-auth-dashboard.spec.js:150:5 › QA-BO-001: Login + Dashboard (strict) › Login — brand identity › 7. login-panel แสดง brand mark + name + label ตาม prototype (1.4s)
  ok  933 [tablet-768] › tests\qa-bo-023-self-service-functional.spec.js:491:3 › QA-BO-023: Self-Service — cross-module sanity › E1. หลัง self-service actions → Dashboard / Admin Accounts / Audit Log render ปกติ (ไม่มี state ค้าง) (9.8s)
  ok  938 [mobile-390] › tests\qa-bo-001-auth-dashboard.spec.js:159:5 › QA-BO-001: Login + Dashboard (strict) › Login — brand identity › 8. login title + copy เป็นภาษาไทยตาม prototype (1.5s)
  ok  939 [mobile-390] › tests\qa-bo-001-auth-dashboard.spec.js:172:5 › QA-BO-001: Login + Dashboard (strict) › Login — form input dimensions › 9. form input สูง 44-46px ตามมาตรฐาน (1.2s)
  ok  940 [mobile-390] › tests\qa-bo-001-auth-dashboard.spec.js:183:5 › QA-BO-001: Login + Dashboard (strict) › Login — form input dimensions › 10. mobile 390px: form input สูง 46px (compact) (2.6s)
  ok  941 [mobile-390] › tests\qa-bo-001-auth-dashboard.spec.js:195:5 › QA-BO-001: Login + Dashboard (strict) › Login — form fields & attributes › 11. email field: type=email, autocomplete=username (1.3s)
  ok  942 [mobile-390] › tests\qa-bo-015-accept-invitation.spec.js:39:3 › QA-BO-015: Accept Invitation & Initial Password Activation (AIL-008) › 1. Valid link → form state + context read-only + hash stripped + no OTP field (1.5s)
  ok  943 [mobile-390] › tests\qa-bo-001-auth-dashboard.spec.js:202:5 › QA-BO-001: Login + Dashboard (strict) › Login — form fields & attributes › 12. password field: type=password, autocomplete=current-password (1.2s)
  ok  945 [mobile-390] › tests\qa-bo-001-auth-dashboard.spec.js:209:5 › QA-BO-001: Login + Dashboard (strict) › Login — form fields & attributes › 13. password visibility toggle สลับ type + aria-label (1.6s)
  ok  944 [mobile-390] › tests\qa-bo-015-accept-invitation.spec.js:66:3 › QA-BO-015: Accept Invitation & Initial Password Activation (AIL-008) › 2. Password policy — แต่ละ rule ต้องผ่านก่อน submit และไม่มี mutation ถ้า invalid (2.6s)
  ok  946 [mobile-390] › tests\qa-bo-001-auth-dashboard.spec.js:224:5 › QA-BO-001: Login + Dashboard (strict) › Login — form fields & attributes › 14. forgot password link แสดงใน meta row (1.2s)
  ok  947 [mobile-390] › tests\qa-bo-015-accept-invitation.spec.js:115:3 › QA-BO-015: Accept Invitation & Initial Password Activation (AIL-008) › 3. Confirm mismatch → error + ไม่มี mutation (1.5s)
  ok  948 [mobile-390] › tests\qa-bo-001-auth-dashboard.spec.js:232:5 › QA-BO-001: Login + Dashboard (strict) › Login — form fields & attributes › 15. submit button ข้อความตรง prototype (1.2s)
  ok  950 [mobile-390] › tests\qa-bo-001-auth-dashboard.spec.js:238:5 › QA-BO-001: Login + Dashboard (strict) › Login — form fields & attributes › 16. primary button เต็มความกว้าง (1.6s)
  ok  949 [mobile-390] › tests\qa-bo-015-accept-invitation.spec.js:131:3 › QA-BO-015: Accept Invitation & Initial Password Activation (AIL-008) › 4. Valid submit → Pending→Used + Invited→Active atomic + audit + ไม่มี auto-session (2.1s)
  ok  951 [mobile-390] › tests\qa-bo-001-auth-dashboard.spec.js:251:5 › QA-BO-001: Login + Dashboard (strict) › Login — auth error & accessibility › 17. auth-error มี role=alert (1.3s)
  ok  952 [mobile-390] › tests\qa-bo-015-accept-invitation.spec.js:163:3 › QA-BO-015: Accept Invitation & Initial Password Activation (AIL-008) › 5. Token reuse → invalid state already_used + audit Failed + ไม่มี mutation ซ้ำ (1.7s)
  ok  953 [mobile-390] › tests\qa-bo-001-auth-dashboard.spec.js:257:5 › QA-BO-001: Login + Dashboard (strict) › Login — auth error & accessibility › 18. login-visual เป็น decorative (aria-hidden) (1.3s)
  ok  954 [mobile-390] › tests\qa-bo-015-accept-invitation.spec.js:186:3 › QA-BO-015: Accept Invitation & Initial Password Activation (AIL-008) › 6. Double submit → activation ครั้งเดียวเท่านั้น (1.8s)
  ok  955 [mobile-390] › tests\qa-bo-001-auth-dashboard.spec.js:263:5 › QA-BO-001: Login + Dashboard (strict) › Login — auth error & accessibility › 19. bad-password scenario: generic error ไม่ระบุ field ที่ผิด (2.2s)
  ok  956 [mobile-390] › tests\qa-bo-015-accept-invitation.spec.js:204:3 › QA-BO-015: Accept Invitation & Initial Password Activation (AIL-008) › 7. Garbage/unknown token → invalid_token + ไม่ audit (unresolvable) (1.3s)
  ok  957 [mobile-390] › tests\qa-bo-001-auth-dashboard.spec.js:280:5 › QA-BO-001: Login + Dashboard (strict) › Login — transition & logout › 20. login สำเร็จ → Dashboard + body ไม่ logged-out + login screen หาย (1.4s)
  ok  958 [mobile-390] › tests\qa-bo-015-accept-invitation.spec.js:221:3 › QA-BO-015: Accept Invitation & Initial Password Activation (AIL-008) › 8. Expired link → invalid state + audit Failed + ไม่ activate (1.3s)
  ok  960 [mobile-390] › tests\qa-bo-015-accept-invitation.spec.js:236:3 › QA-BO-015: Accept Invitation & Initial Password Activation (AIL-008) › 9. Cancelled link → invalid state + ไม่ activate (1.4s)
  ok  959 [mobile-390] › tests\qa-bo-001-auth-dashboard.spec.js:290:5 › QA-BO-001: Login + Dashboard (strict) › Login — transition & logout › 21. logout → กลับหน้า login + body logged-out (2.9s)
  ok  961 [mobile-390] › tests\qa-bo-015-accept-invitation.spec.js:249:3 › QA-BO-015: Accept Invitation & Initial Password Activation (AIL-008) › 10. Superseded link → invalid state; link revision ใหม่ยังใช้งานได้ (1.3s)
  ok  963 [mobile-390] › tests\qa-bo-015-accept-invitation.spec.js:271:3 › QA-BO-015: Accept Invitation & Initial Password Activation (AIL-008) › 11. Stale revision token → invalid state stale_revision (1.4s)
  ok  962 [mobile-390] › tests\qa-bo-001-auth-dashboard.spec.js:304:5 › QA-BO-001: Login + Dashboard (strict) › Dashboard — header › 22. breadcrumb + title + meta ตรง prototype (2.2s)
  ok  964 [mobile-390] › tests\qa-bo-015-accept-invitation.spec.js:285:3 › QA-BO-015: Accept Invitation & Initial Password Activation (AIL-008) › 12. Account ไม่ใช่ Invited → invalid state account_ineligible (1.3s)
  ok  966 [mobile-390] › tests\qa-bo-015-accept-invitation.spec.js:299:3 › QA-BO-015: Accept Invitation & Initial Password Activation (AIL-008) › 13. Role ไม่ eligible → invalid state role_ineligible (1.4s)
  ok  965 [mobile-390] › tests\qa-bo-001-auth-dashboard.spec.js:315:5 › QA-BO-001: Login + Dashboard (strict) › Dashboard — header › 23. header ไม่มี Date Range / Refresh / Export / global search (1.9s)
  ok  968 [mobile-390] › tests\qa-bo-001-auth-dashboard.spec.js:326:5 › QA-BO-001: Login + Dashboard (strict) › Dashboard — header › 24. panel title + subtitle ตรง prototype (2.1s)
  ok  967 [mobile-390] › tests\qa-bo-015-accept-invitation.spec.js:312:3 › QA-BO-015: Accept Invitation & Initial Password Activation (AIL-008) › 14. Commit-time revalidation — ยกเลิกคำเชิญหลังเปิด form → activate ถูก block (2.3s)
  ok  969 [mobile-390] › tests\qa-bo-001-auth-dashboard.spec.js:336:5 › QA-BO-001: Login + Dashboard (strict) › Dashboard — KPI cards (8 cards ตามลำดับ) › 25. KPI cards ครบ 8 ตามลำดับที่ spec ล็อก (1.7s)
  ok  970 [mobile-390] › tests\qa-bo-015-accept-invitation.spec.js:329:3 › QA-BO-015: Accept Invitation & Initial Password Activation (AIL-008) › 15. Success → กลับ Login ได้ และ Login ด้วย Email + Password เข้าระบบได้ทันที (ไม่มี OTP) (2.8s)
  ok  971 [mobile-390] › tests\qa-bo-001-auth-dashboard.spec.js:353:5 › QA-BO-001: Login + Dashboard (strict) › Dashboard — KPI cards (8 cards ตามลำดับ) › 26. KPI cards มี value + trend + chips ครบ (2.7s)
  ok  972 [mobile-390] › tests\qa-bo-015-accept-invitation.spec.js:351:3 › QA-BO-015: Accept Invitation & Initial Password Activation (AIL-008) › 16. Refresh หลัง consume — hash ถูก strip แล้ว จึงกลับมาที่ Login (token ไม่ค้างใน URL) (3.0s)
  ok  973 [mobile-390] › tests\qa-bo-001-auth-dashboard.spec.js:369:5 › QA-BO-001: Login + Dashboard (strict) › Dashboard — KPI cards (8 cards ตามลำดับ) › 27. Reported Items chips แสดง Assets/Users/Articles/Comments (1.9s)
  ok  974 [mobile-390] › tests\qa-bo-015-accept-invitation.spec.js:366:3 › QA-BO-015: Accept Invitation & Initial Password Activation (AIL-008) › 17. Missing token → invalid state invalid_token (1.1s)
  ok  976 [mobile-390] › tests\qa-bo-015-accept-invitation.spec.js:373:3 › QA-BO-015: Accept Invitation & Initial Password Activation (AIL-008) › 18. Mobile 390px — invite screen render + activate ได้ครบ (1.9s)
  ok  975 [mobile-390] › tests\qa-bo-001-auth-dashboard.spec.js:384:5 › QA-BO-001: Login + Dashboard (strict) › Dashboard — navigation from KPI cards (spec ล็อกปลายทาง) › 28. New Users card → User Management / User Accounts (3.5s)
  ok  977 [mobile-390] › tests\qa-bo-016-invitation-recovery.spec.js:48:3 › QA-BO-016: Invitation Safe Recovery States (AIL-009) › 1. Expired → recovery 'expired': LINK EXPIRED + exit-only + ไม่มี form/mutation (1.5s)
  ok  979 [mobile-390] › tests\qa-bo-016-invitation-recovery.spec.js:67:3 › QA-BO-016: Invitation Safe Recovery States (AIL-009) › 2. Cancelled → recovery 'cancelled' + contact-admin channel + direct commit ถูก block (1.4s)
  ok  978 [mobile-390] › tests\qa-bo-001-auth-dashboard.spec.js:397:5 › QA-BO-001: Login + Dashboard (strict) › Dashboard — navigation from KPI cards (spec ล็อกปลายทาง) › 29. New Assets card → Asset Management / Asset List (2.6s)
  ok  980 [mobile-390] › tests\qa-bo-016-invitation-recovery.spec.js:84:3 › QA-BO-016: Invitation Safe Recovery States (AIL-009) › 3. Superseded → recovery 'superseded': LINK REPLACED + hint เปิดลิงก์ฉบับล่าสุด (1.3s)
  ok  982 [mobile-390] › tests\qa-bo-016-invitation-recovery.spec.js:99:3 › QA-BO-016: Invitation Safe Recovery States (AIL-009) › 4. Used → recovery 'used': LINK ALREADY USED + GO TO LOGIN (บัญชี active แล้ว) (1.6s)
  ok  981 [mobile-390] › tests\qa-bo-001-auth-dashboard.spec.js:406:5 › QA-BO-001: Login + Dashboard (strict) › Dashboard — navigation from KPI cards (spec ล็อกปลายทาง) › 30. Reported Items / Assets chip → Asset Management / Reported Assets (3.5s)
  ok  983 [mobile-390] › tests\qa-bo-016-invitation-recovery.spec.js:117:3 › QA-BO-016: Invitation Safe Recovery States (AIL-009) › 5. Unknown/malformed/missing token → recovery 'invalid' generic — ไม่เปิดเผย account existence (1.3s)
  ok  985 [mobile-390] › tests\qa-bo-016-invitation-recovery.spec.js:140:3 › QA-BO-016: Invitation Safe Recovery States (AIL-009) › 6. Account ineligible → recovery 'unavailable' generic + audit Failed + ไม่เปลี่ยน state (1.5s)
  ok  986 [mobile-390] › tests\qa-bo-016-invitation-recovery.spec.js:165:3 › QA-BO-016: Invitation Safe Recovery States (AIL-009) › 7. Role ineligible → recovery 'unavailable' + ไม่เปลี่ยน state (982ms)
  ok  984 [mobile-390] › tests\qa-bo-001-auth-dashboard.spec.js:420:5 › QA-BO-001: Login + Dashboard (strict) › Dashboard — navigation from KPI cards (spec ล็อกปลายทาง) › 31. Reported Items / Users chip → User Management / Reported Users (3.1s)
  ok  987 [mobile-390] › tests\qa-bo-016-invitation-recovery.spec.js:183:3 › QA-BO-016: Invitation Safe Recovery States (AIL-009) › 8. Stale revision token → recovery 'superseded' (มีลิงก์ใหม่กว่า) (1.0s)
  ok  988 [mobile-390] › tests\qa-bo-001-auth-dashboard.spec.js:433:5 › QA-BO-001: Login + Dashboard (strict) › Dashboard — navigation from KPI cards (spec ล็อกปลายทาง) › 32. Reported Items / Articles chip → Content Management / Reported Articles (2.6s)
  ok  989 [mobile-390] › tests\qa-bo-016-invitation-recovery.spec.js:198:3 › QA-BO-016: Invitation Safe Recovery States (AIL-009) › 9. Transient stale_invitation ณ submit → retry re-resolve → form → activate สำเร็จ (ไม่วนลูป) (2.1s)
  ok  990 [mobile-390] › tests\qa-bo-001-auth-dashboard.spec.js:446:5 › QA-BO-001: Login + Dashboard (strict) › Dashboard — navigation from KPI cards (spec ล็อกปลายทาง) › 33. Reported Items / Comments chip → Asset Management / Reported Comments (3.6s)
  ok  991 [mobile-390] › tests\qa-bo-016-invitation-recovery.spec.js:232:3 › QA-BO-016: Invitation Safe Recovery States (AIL-009) › 10. Commit failure → rollback ครบ + transient recovery + retry สำเร็จหลังแก้สาเหตุ (3.8s)
  ok  993 [mobile-390] › tests\qa-bo-016-invitation-recovery.spec.js:269:3 › QA-BO-016: Invitation Safe Recovery States (AIL-009) › 11. Recovery exit → กลับ Login ครบทุกช่องทาง และ Login flow เดิม (Email + Password → BO) (1.5s)
  ok  992 [mobile-390] › tests\qa-bo-001-auth-dashboard.spec.js:459:5 › QA-BO-001: Login + Dashboard (strict) › Dashboard — navigation from KPI cards (spec ล็อกปลายทาง) › 34. Offer Activity card → Offer Management (2.5s)
  ok  994 [mobile-390] › tests\qa-bo-016-invitation-recovery.spec.js:285:3 › QA-BO-016: Invitation Safe Recovery States (AIL-009) › 12. Sensitive data — recovery screen ไม่เปิดเผย token/revision/internal reason (1.1s)
  ok  996 [mobile-390] › tests\qa-bo-016-invitation-recovery.spec.js:298:3 › QA-BO-016: Invitation Safe Recovery States (AIL-009) › 13. Focus — primary recovery action ได้ focus (keyboard flow) ทั้ง invalid + success (1.7s)
  ok  995 [mobile-390] › tests\qa-bo-001-auth-dashboard.spec.js:468:5 › QA-BO-001: Login + Dashboard (strict) › Dashboard — navigation from KPI cards (spec ล็อกปลายทาง) › 35. Articles card → Content Management / Articles (2.8s)
  ok  997 [mobile-390] › tests\qa-bo-016-invitation-recovery.spec.js:319:3 › QA-BO-016: Invitation Safe Recovery States (AIL-009) › 14. Transient ไม่วนลูป — state เปลี่ยนเป็น terminal แล้ว retry แสดง terminal recovery (1.4s)
  ok  998 [mobile-390] › tests\qa-bo-001-auth-dashboard.spec.js:479:5 › QA-BO-001: Login + Dashboard (strict) › Dashboard — navigation from KPI cards (spec ล็อกปลายทาง) › 36. Watch Alert card → Market Demand / Demand Overview (3.2s)
  ok  999 [mobile-390] › tests\qa-bo-016-invitation-recovery.spec.js:345:3 › QA-BO-016: Invitation Safe Recovery States (AIL-009) › 15. Scenario dropdown 'transient' — UI-only path: form → submit → ACTIVATION NOT COMPLETED → TRY AGAIN → activate สำเร็จ (2.3s)
  ok 1001 [mobile-390] › tests\qa-bo-016-invitation-recovery.spec.js:384:3 › QA-BO-016: Invitation Safe Recovery States (AIL-009) › 16. Mobile 390px — recovery state render + action usable (1.5s)
  -  1002 [mobile-390] › tests\qa-bo-017-admin-invitation-lifecycle.spec.js:149:3 › QA-BO-017: Admin Invitation Lifecycle — targeted Mission 1 coverage (AIL-010) › 1. invite → accept → activate: account ใหม่ครบ lifecycle ด้วยลิงก์จริงของ invitation ใหม่
  -  1003 [mobile-390] › tests\qa-bo-017-admin-invitation-lifecycle.spec.js:217:3 › QA-BO-017: Admin Invitation Lifecycle — targeted Mission 1 coverage (AIL-010) › 2. resend → token เดิมเข้า recovery superseded → token ใหม่ activate สำเร็จ
  -  1004 [mobile-390] › tests\qa-bo-017-admin-invitation-lifecycle.spec.js:252:3 › QA-BO-017: Admin Invitation Lifecycle — targeted Mission 1 coverage (AIL-010) › 3. cancel → token เดิมเข้า recovery cancelled → reissue → token ใหม่ activate สำเร็จ
  -  1005 [mobile-390] › tests\qa-bo-017-admin-invitation-lifecycle.spec.js:290:3 › QA-BO-017: Admin Invitation Lifecycle — targeted Mission 1 coverage (AIL-010) › 4. expired → reissue → terminal history เก็บครบ + token ใหม่ activate สำเร็จ
  ok 1000 [mobile-390] › tests\qa-bo-001-auth-dashboard.spec.js:491:5 › QA-BO-001: Login + Dashboard (strict) › Dashboard — navigation from KPI cards (spec ล็อกปลายทาง) › 37. Policies card → Settings / Policy & Versioning (2.7s)
  -  1006 [mobile-390] › tests\qa-bo-017-admin-invitation-lifecycle.spec.js:324:3 › QA-BO-017: Admin Invitation Lifecycle — targeted Mission 1 coverage (AIL-010) › 5. time-derived expiry: expiresAt <= now ขณะ record ยัง Pending → resolve/commit เป็น expired
  -  1008 [mobile-390] › tests\qa-bo-017-admin-invitation-lifecycle.spec.js:360:3 › QA-BO-017: Admin Invitation Lifecycle — targeted Mission 1 coverage (AIL-010) › 6. email เปลี่ยนหลัง issuance → target_email_normalized mismatch → account_ineligible
  -  1009 [mobile-390] › tests\qa-bo-017-admin-invitation-lifecycle.spec.js:386:3 › QA-BO-017: Admin Invitation Lifecycle — targeted Mission 1 coverage (AIL-010) › 7. role revision bump (status ยัง Active) → role_ineligible ทั้ง resolve และ commit
  -  1010 [mobile-390] › tests\qa-bo-017-admin-invitation-lifecycle.spec.js:412:3 › QA-BO-017: Admin Invitation Lifecycle — targeted Mission 1 coverage (AIL-010) › 8. เปิดลิงก์ valid ซ้ำ (idempotent reopen) → ไม่เขียน ACCEPT audit/activity ซ้ำ
  -  1011 [mobile-390] › tests\qa-bo-017-admin-invitation-lifecycle.spec.js:432:3 › QA-BO-017: Admin Invitation Lifecycle — targeted Mission 1 coverage (AIL-010) › 9. invite replay: submit email เดิมซ้ำ → unique check block + ไม่มี duplicate account/invitation/delivery/audit
  -  1012 [mobile-390] › tests\qa-bo-017-admin-invitation-lifecycle.spec.js:471:3 › QA-BO-017: Admin Invitation Lifecycle — targeted Mission 1 coverage (AIL-010) › 10. permission denied: direct commit cancel/reissue → not_allowed + audit Failed + ไม่มี mutation
  -  1013 [mobile-390] › tests\qa-bo-017-admin-invitation-lifecycle.spec.js:505:3 › QA-BO-017: Admin Invitation Lifecycle — targeted Mission 1 coverage (AIL-010) › 11. post-activation closure: account Active แล้ว admin-side actions ทั้งหมด not_allowed + ไม่มี invitation section
  -  1014 [mobile-390] › tests\qa-bo-017-admin-invitation-lifecycle.spec.js:537:3 › QA-BO-017: Admin Invitation Lifecycle — targeted Mission 1 coverage (AIL-010) › 12. accept + activate ไม่สร้าง delivery attempt/row ใหม่ (recipient flow ไม่มี email บังคับ)
  -  1015 [mobile-390] › tests\qa-bo-017-admin-invitation-lifecycle.spec.js:558:3 › QA-BO-017: Admin Invitation Lifecycle — targeted Mission 1 coverage (AIL-010) › 13. per-issuance audit chain: RESEND→ACCEPT→ACTIVATE อย่างละ 1 event + correlation/delivery trace ต่อกัน
  -  1016 [mobile-390] › tests\qa-bo-017-admin-invitation-lifecycle.spec.js:597:3 › QA-BO-017: Admin Invitation Lifecycle — targeted Mission 1 coverage (AIL-010) › 14. single-Pending invariant: ทุก stage มี Pending ≤1 ต่อ account และ terminal history ไม่หาย
  ok 1007 [mobile-390] › tests\qa-bo-001-auth-dashboard.spec.js:505:5 › QA-BO-001: Login + Dashboard (strict) › Dashboard — Work Queue (7 rows ตามลำดับ) › 38. Work Queue ครบ 7 rows ตามลำดับที่ spec ล็อก (2.1s)
  -  1017 [mobile-390] › tests\qa-bo-017-admin-invitation-lifecycle.spec.js:629:3 › QA-BO-017: Admin Invitation Lifecycle — targeted Mission 1 coverage (AIL-010) › 15. full-lifecycle secret sweep: audit/delivery/log ไม่มี raw token, password หรือ unmasked email
  ok 1018 [mobile-390] › tests\qa-bo-001-auth-dashboard.spec.js:523:5 › QA-BO-001: Login + Dashboard (strict) › Dashboard — Work Queue (7 rows ตามลำดับ) › 39. Work Queue priority ถูกต้อง (high/medium/normal) (2.1s)
  ok 1019 [mobile-390] › tests\qa-bo-017-admin-invitation-lifecycle.spec.js:683:3 › QA-BO-017: Admin Invitation Lifecycle — targeted Mission 1 coverage (AIL-010) › 16. mobile-390: resend → token ใหม่ activate chain ทำงานและ render ถูกบนจอเล็ก (1.9s)
  ok 1020 [mobile-390] › tests\qa-bo-001-auth-dashboard.spec.js:543:5 › QA-BO-001: Login + Dashboard (strict) › Dashboard — Work Queue (7 rows ตามลำดับ) › 40. Work Queue rows มี count + module jump (2.0s)
  ok 1021 [mobile-390] › tests\qa-bo-019a-my-account.spec.js:75:3 › QA-BO-019a: My Account — entry & navigation › 1. .admin-box เป็น button entry (#my-account-entry) แสดงชื่อ + role ใน sidebar footer (2.7s)
  ok 1022 [mobile-390] › tests\qa-bo-001-auth-dashboard.spec.js:555:5 › QA-BO-001: Login + Dashboard (strict) › Dashboard — Work Queue (7 rows ตามลำดับ) › 41. คลิก Work Queue row 1 (รายงานสินทรัพย์) → Asset Management / Reported Assets (3.0s)
  ok 1023 [mobile-390] › tests\qa-bo-019a-my-account.spec.js:87:3 › QA-BO-019a: My Account — entry & navigation › 2. คลิก .admin-box → เข้าหน้า My Account (body.my-account-mode + header/breadcrumb) (2.8s)
  ok 1024 [mobile-390] › tests\qa-bo-001-auth-dashboard.spec.js:567:5 › QA-BO-001: Login + Dashboard (strict) › Dashboard — Work Queue (7 rows ตามลำดับ) › 42. คลิก Work Queue row 2 (รายงานผู้ใช้) → User Management / Reported Users (2.6s)
  ok 1025 [mobile-390] › tests\qa-bo-019a-my-account.spec.js:99:3 › QA-BO-019a: My Account — entry & navigation › 3. My Account ไม่อยู่ใน navGroups / Settings submenu (ไม่มี nav-item หรือ submenu button) (2.8s)
  ok 1026 [mobile-390] › tests\qa-bo-001-auth-dashboard.spec.js:579:5 › QA-BO-001: Login + Dashboard (strict) › Dashboard — Work Queue (7 rows ตามลำดับ) › 43. คลิก Work Queue row 4 (คำขอลบบัญชี) → Account Deletion (2.4s)
  ok 1027 [mobile-390] › tests\qa-bo-019a-my-account.spec.js:109:3 › QA-BO-019a: My Account — entry & navigation › 4. เมื่ออยู่หน้า My Account ไม่มี nav item ไหนถูก highlight (อยู่นอก nav) — entry .admin-box แสดง active state แทน (3.5s)
  ok 1028 [mobile-390] › tests\qa-bo-001-auth-dashboard.spec.js:590:5 › QA-BO-001: Login + Dashboard (strict) › Dashboard — Recent Activity › 44. Recent Activity filter 5 ตัว: ทั้งหมด/Report/Offer/Content/System (2.0s)
  ok 1030 [mobile-390] › tests\qa-bo-001-auth-dashboard.spec.js:600:5 › QA-BO-001: Login + Dashboard (strict) › Dashboard — Recent Activity › 45. filter ทำงานจริง — Report แสดงเฉพาะ report events (2.9s)
  ok 1029 [mobile-390] › tests\qa-bo-019a-my-account.spec.js:124:3 › QA-BO-019a: My Account — entry & navigation › 5. keyboard: focus .admin-box แล้วกด Enter → เข้าหน้า My Account ได้ (3.0s)
  ok 1031 [mobile-390] › tests\qa-bo-001-auth-dashboard.spec.js:617:5 › QA-BO-001: Login + Dashboard (strict) › Dashboard — Recent Activity › 46. activity rows มี title + time + module jump (2.1s)
  ok 1032 [mobile-390] › tests\qa-bo-019a-my-account.spec.js:135:3 › QA-BO-019a: My Account — entry & navigation › 6. Logout button ยังทำงานปกติ (ไม่ถูก .admin-box กลืน) (2.8s)
  ok 1033 [mobile-390] › tests\qa-bo-001-auth-dashboard.spec.js:634:5 › QA-BO-001: Login + Dashboard (strict) › Dashboard — panels (4 cards) › 47. Dashboard panels ครบ 4: Asset Status, Offer Status, Latest Articles, Top Searched Brands (2.5s)
  ok 1034 [mobile-390] › tests\qa-bo-019a-my-account.spec.js:151:3 › QA-BO-019a: My Account — page rendering › 7. แสดง section Account Summary พร้อม detail-grid ครบ 6 tiles (Admin ID + Name editable + Email/Role/Status/Last Login) (2.4s)
  ok 1035 [mobile-390] › tests\qa-bo-001-auth-dashboard.spec.js:647:5 › QA-BO-001: Login + Dashboard (strict) › Dashboard — panels (4 cards) › 48. Offer Status panel 6 rows ตามลำดับ status (2.1s)
  ok 1036 [mobile-390] › tests\qa-bo-019a-my-account.spec.js:164:3 › QA-BO-019a: My Account — page rendering › 8. แสดง Name ปัจจุบันของ self account (2.5s)
  ok 1037 [mobile-390] › tests\qa-bo-001-auth-dashboard.spec.js:656:5 › QA-BO-001: Login + Dashboard (strict) › Dashboard — panels (4 cards) › 49. Latest Articles panel 3 rows พร้อม status value (2.2s)
  ok 1038 [mobile-390] › tests\qa-bo-019a-my-account.spec.js:169:3 › QA-BO-019a: My Account — page rendering › 9. read-only tiles: Admin ID / Email / Role / Status / Last Login ตรง mock self account (2.9s)
  ok 1039 [mobile-390] › tests\qa-bo-001-auth-dashboard.spec.js:669:5 › QA-BO-001: Login + Dashboard (strict) › Dashboard — panels (4 cards) › 50. Top Searched Brands panel 5 brands พร้อม percent + bar (2.1s)
  ok 1041 [mobile-390] › tests\qa-bo-001-auth-dashboard.spec.js:682:5 › QA-BO-001: Login + Dashboard (strict) › Dashboard — panels (4 cards) › 51. Offer Status rows → Offer Management (2.3s)
  ok 1040 [mobile-390] › tests\qa-bo-019a-my-account.spec.js:178:3 › QA-BO-019a: My Account — page rendering › 10. มีปุ่ม Change Password (security actions) + Active Sessions section (AIL-022) และไม่ expose internal roadmap copy (3.0s)
  ok 1042 [mobile-390] › tests\qa-bo-001-auth-dashboard.spec.js:693:5 › QA-BO-001: Login + Dashboard (strict) › Dashboard — panels (4 cards) › 52. Latest Articles rows → Content Management (2.2s)
  ok 1043 [mobile-390] › tests\qa-bo-019a-my-account.spec.js:189:3 › QA-BO-019a: My Account — page rendering › 11. ไม่มีฟิลด์ password/OTP บนหน้า My Account (current scope: ไม่มี OTP/MFA/2FA) (2.5s)
  ok 1044 [mobile-390] › tests\qa-bo-001-auth-dashboard.spec.js:704:5 › QA-BO-001: Login + Dashboard (strict) › Dashboard — panels (4 cards) › 53. Top Searched Brands rows → Market Demand / Search Insights (1.9s)
  ok 1045 [mobile-390] › tests\qa-bo-019a-my-account.spec.js:201:3 › QA-BO-019a: My Account — edit Name toggle & validation › 12. กด Edit → modal แก้ไขชื่อเปิด พร้อม input ค่าปัจจุบัน + ปุ่ม ยกเลิก/บันทึก (3.6s)
  ok 1046 [mobile-390] › tests\qa-bo-001-auth-dashboard.spec.js:720:5 › QA-BO-001: Login + Dashboard (strict) › Dashboard — menu active state › 54. menu Dashboard active เมื่ออยู่ในหน้า Dashboard (2.6s)
  ok 1048 [mobile-390] › tests\qa-bo-001-auth-dashboard.spec.js:727:5 › QA-BO-001: Login + Dashboard (strict) › Dashboard — menu active state › 55. คลิก metric card แล้ว menu active เปลี่ยน + Dashboard ไม่ active (2.8s)
  ok 1047 [mobile-390] › tests\qa-bo-019a-my-account.spec.js:214:3 › QA-BO-019a: My Account — edit Name toggle & validation › 13. กด ยกเลิก → กลับ view mode ชื่อไม่เปลี่ยน (3.3s)
  ok 1049 [mobile-390] › tests\qa-bo-001-auth-dashboard.spec.js:741:5 › QA-BO-001: Login + Dashboard (strict) › Dashboard — responsive section order (mobile) › 56. mobile 390px: ลำดับ Header → KPI → Work Queue → Activity → Panels (2.1s)
  ok 1050 [mobile-390] › tests\qa-bo-019a-my-account.spec.js:225:3 › QA-BO-019a: My Account — edit Name toggle & validation › 14. validation: ชื่อว่าง → error ใต้ field + input invalid (3.1s)
  ok 1051 [mobile-390] › tests\qa-bo-001-auth-dashboard.spec.js:762:5 › QA-BO-001: Login + Dashboard (strict) › Dashboard — responsive content completeness › 57. mobile 390px: KPI 8 cards + Work Queue 7 rows ไม่หาย (2.2s)
  ok 1052 [mobile-390] › tests\qa-bo-019a-my-account.spec.js:237:3 › QA-BO-019a: My Account — edit Name toggle & validation › 15. validation: ชื่อเป็น whitespace ล้วน → trim แล้ว error เหมือนค่าว่าง (3.1s)
  ok 1053 [mobile-390] › tests\qa-bo-001-auth-dashboard.spec.js:772:5 › QA-BO-001: Login + Dashboard (strict) › Dashboard — responsive content completeness › 58. tablet 768px: ครบทุก section (2.3s)
  ok 1055 [mobile-390] › tests\qa-bo-001-auth-dashboard.spec.js:783:5 › QA-BO-001: Login + Dashboard (strict) › Dashboard — responsive content completeness › 59. desktop 1280px: ครบทุก section (2.7s)
  ok 1054 [mobile-390] › tests\qa-bo-019a-my-account.spec.js:246:3 › QA-BO-019a: My Account — edit Name toggle & validation › 16. validation: ชื่อเกิน 100 ตัวอักษร → error (bypass maxlength ผ่าน JS) (3.3s)
  ok 1056 [mobile-390] › tests\qa-bo-001-auth-dashboard.spec.js:794:5 › QA-BO-001: Login + Dashboard (strict) › Dashboard — responsive content completeness › 60. desktop 1440px: ครบทุก section (2.4s)
  ok 1057 [mobile-390] › tests\qa-bo-019a-my-account.spec.js:260:3 › QA-BO-019a: My Account — edit Name toggle & validation › 17. input มี maxlength=100 ตาม contract (3.0s)
  ok 1059 [mobile-390] › tests\qa-bo-019a-my-account.spec.js:266:3 › QA-BO-019a: My Account — edit Name toggle & validation › 18. พิมพ์ใหม่หลัง error → error ถูกเคลียร์ (3.6s)
  ok 1060 [mobile-390] › tests\qa-bo-019a-my-account.spec.js:284:3 › QA-BO-019a: My Account — save flow, no-op, audit › 19. บันทึกชื่อใหม่ → success toast + ชื่อบนหน้าและ sidebar footer อัปเดต (3.8s)
  ok 1058 [mobile-390] › tests\qa-bo-001-auth-dashboard.spec.js:807:5 › QA-BO-001: Login + Dashboard (strict) › Login — responsive all 4 viewports › 61. ทุก viewport: login screen แสดง + form ใช้งานได้ (9.4s)
  ok 1061 [mobile-390] › tests\qa-bo-019a-my-account.spec.js:301:3 › QA-BO-019a: My Account — save flow, no-op, audit › 20. trim: ชื่อใหม่ที่มี space หน้า/หลัง → บันทึกค่าที่ trim แล้ว (3.1s)
  ok 1062 [mobile-390] › tests\qa-bo-019b-my-account-change-password.spec.js:79:3 › QA-BO-019b: Change Password — security section & entry › 1. Security actions แสดงปุ่ม เปลี่ยนรหัสผ่าน (action เดียว ไม่มี heading/tile — password ไม่ render บนหน้า) (2.8s)
  ok 1063 [mobile-390] › tests\qa-bo-019a-my-account.spec.js:310:3 › QA-BO-019a: My Account — save flow, no-op, audit › 21. save สำเร็จ → สร้าง audit ADMIN_PROFILE_UPDATE (module My Account, ไม่มี secret) (3.3s)
  ok 1064 [mobile-390] › tests\qa-bo-019b-my-account-change-password.spec.js:94:3 › QA-BO-019b: Change Password — security section & entry › 2. ไม่มี plaintext password บนหน้า/DOM (mask เท่านั้น — credential store ไม่ render) (2.9s)
  ok 1065 [mobile-390] › tests\qa-bo-019a-my-account.spec.js:337:3 › QA-BO-019a: My Account — save flow, no-op, audit › 22. no-op: บันทึกชื่อเดิม → toast ไม่มีการเปลี่ยนแปลง + ไม่สร้าง audit + revision คงเดิม (3.1s)
  ok 1066 [mobile-390] › tests\qa-bo-019b-my-account-change-password.spec.js:107:3 › QA-BO-019b: Change Password — modal open/close & fields › 3. กด เปลี่ยนรหัสผ่าน → modal เปิด ครบ 3 password fields + policy checklist + ปุ่ม footer (3.1s)
  ok 1067 [mobile-390] › tests\qa-bo-019a-my-account.spec.js:352:3 › QA-BO-019a: My Account — save flow, no-op, audit › 23. Enter ใน input → save เหมือนกดปุ่มบันทึก (3.1s)
  ok 1068 [mobile-390] › tests\qa-bo-019b-my-account-change-password.spec.js:122:3 › QA-BO-019b: Change Password — modal open/close & fields › 4. autocomplete=off ทุก field (prototype — กัน browser autofill ค่าที่เคยกรอกกลับมา) (3.0s)
  ok 1069 [mobile-390] › tests\qa-bo-019a-my-account.spec.js:362:3 › QA-BO-019a: My Account — save flow, no-op, audit › 24. stale revision → reject ไม่ commit + error toast (ข้อมูลเปลี่ยนระหว่างแก้ไข) (3.3s)
  ok 1070 [mobile-390] › tests\qa-bo-019b-my-account-change-password.spec.js:129:3 › QA-BO-019b: Change Password — modal open/close & fields › 5. กด ยกเลิก → modal ปิด + credential ไม่เปลี่ยน + ไม่สร้าง audit (3.4s)
  ok 1071 [mobile-390] › tests\qa-bo-019a-my-account.spec.js:386:3 › QA-BO-019a: My Account — states & access gating › 25. scenario Loading → skeleton/state block loading แสดง (3.5s)
  ok 1072 [mobile-390] › tests\qa-bo-019b-my-account-change-password.spec.js:140:3 › QA-BO-019b: Change Password — modal open/close & fields › 6. password toggle show/hide ทำงานทุก field (eye ↔ eyeOff) (3.2s)
  ok 1074 [mobile-390] › tests\qa-bo-019b-my-account-change-password.spec.js:156:3 › QA-BO-019b: Change Password — validation & live policy › 7. submit ทุก field ว่าง → error ใต้ current field + input invalid (3.1s)
  ok 1073 [mobile-390] › tests\qa-bo-019a-my-account.spec.js:393:3 › QA-BO-019a: My Account — states & access gating › 26. scenario Load Error → error block + ปุ่มลองอีกครั้ง → retry กลับมา ready (4.7s)
  ok 1075 [mobile-390] › tests\qa-bo-019b-my-account-change-password.spec.js:166:3 › QA-BO-019b: Change Password — validation & live policy › 8. current ผิด → error 'รหัสผ่านปัจจุบันไม่ถูกต้อง' + fail count เพิ่ม + ไม่ commit (3.6s)
  ok 1076 [mobile-390] › tests\qa-bo-019a-my-account.spec.js:404:3 › QA-BO-019a: My Account — states & access gating › 27. scenario Session Expired → state block + ปุ่มกลับไปหน้า Login (4.3s)
  ok 1077 [mobile-390] › tests\qa-bo-019b-my-account-change-password.spec.js:178:3 › QA-BO-019b: Change Password — validation & live policy › 9. new ว่าง → error 'กรุณากรอกรหัสผ่านใหม่' (3.5s)
  ok 1078 [mobile-390] › tests\qa-bo-019a-my-account.spec.js:415:3 › QA-BO-019a: My Account — states & access gating › 28. self account ไม่ใช่ Active → page gate แสดง session-expired (permission beyond UI) (2.9s)
  ok 1079 [mobile-390] › tests\qa-bo-019b-my-account-change-password.spec.js:186:3 › QA-BO-019b: Change Password — validation & live policy › 10. new ไม่ผ่าน policy → error + checklist แสดง rule ที่ไม่ผ่าน (3.3s)
  ok 1080 [mobile-390] › tests\qa-bo-019a-my-account.spec.js:430:3 › QA-BO-019a: My Account — states & access gating › 29. save ถูก reject เมื่อ self account ไม่ใช่ Active ระหว่างแก้ไข (boundary check ระดับ commit) (3.2s)
  ok 1081 [mobile-390] › tests\qa-bo-019b-my-account-change-password.spec.js:199:3 › QA-BO-019b: Change Password — validation & live policy › 11. live checklist: พิมพ์ new password ผ่าน policy → ทุก rule data-pass=true ทันที (3.7s)
  ok 1082 [mobile-390] › tests\qa-bo-019a-my-account.spec.js:449:3 › QA-BO-019a: My Account — states & access gating › 30. self-only: ไม่มี target admin id param — resolve จาก auth.admin.accountId เท่านั้น (3.2s)
  ok 1083 [mobile-390] › tests\qa-bo-019b-my-account-change-password.spec.js:212:3 › QA-BO-019b: Change Password — validation & live policy › 12. confirm ว่าง → error 'กรุณายืนยันรหัสผ่านใหม่' (3.8s)
  ok 1084 [mobile-390] › tests\qa-bo-019a-my-account.spec.js:468:3 › QA-BO-019a: My Account — regression การนำทาง › 31. ออกจาก My Account ไป Dashboard → my-account-mode ถูกถอด + state กลับ ready (5.7s)
  ok 1085 [mobile-390] › tests\qa-bo-019b-my-account-change-password.spec.js:220:3 › QA-BO-019b: Change Password — validation & live policy › 13. confirm ไม่ตรง new → error 'รหัสผ่านไม่ตรงกัน' (3.3s)
  ok 1086 [mobile-390] › tests\qa-bo-019a-my-account.spec.js:484:3 › QA-BO-019a: My Account — regression การนำทาง › 32. my-account-mode ไม่ leak ไปหน้า Settings > Support Center (4.0s)
  ok 1087 [mobile-390] › tests\qa-bo-019b-my-account-change-password.spec.js:228:3 › QA-BO-019b: Change Password — validation & live policy › 14. new เหมือน current → error 'รหัสผ่านใหม่ต้องไม่ซ้ำกับรหัสผ่านปัจจุบัน' (หลังเปลี่ยนเป็นรหัสที่ผ่าน policy) (4.2s)
  ok 1088 [mobile-390] › tests\qa-bo-019c-my-account-active-sessions.spec.js:72:3 › QA-BO-019c: Active Sessions — section & list rendering › 1. Active Sessions section แสดงบนหน้า My Account (heading + note + session list) (2.8s)
  ok 1089 [mobile-390] › tests\qa-bo-019b-my-account-change-password.spec.js:246:3 › QA-BO-019b: Change Password — validation & live policy › 15. พิมพ์ใหม่หลัง error → error ถูกเคลียร์ทันที (3.5s)
  ok 1090 [mobile-390] › tests\qa-bo-019c-my-account-active-sessions.spec.js:81:3 › QA-BO-019c: Active Sessions — section & list rendering › 2. current session แสดงแถวแรก + pill 'อุปกรณ์นี้' + 'กำลังใช้งาน' + ไม่มีปุ่มออกจากระบบ (2.9s)
  ok 1091 [mobile-390] › tests\qa-bo-019b-my-account-change-password.spec.js:262:3 › QA-BO-019b: Change Password — commit & audit › 16. เปลี่ยนสำเร็จ → success toast + credential อัปเดต + revision/sessionRevision bump + modal ปิด (3.6s)
  ok 1092 [mobile-390] › tests\qa-bo-019c-my-account-active-sessions.spec.js:93:3 › QA-BO-019c: Active Sessions — section & list rendering › 3. session อื่นแสดง metadata ครบ (device·browser / location / masked IP / last active) + ปุ่มออกจากระบบ (3.1s)
  ok 1093 [mobile-390] › tests\qa-bo-019b-my-account-change-password.spec.js:281:3 › QA-BO-019b: Change Password — commit & audit › 17. เปลี่ยนสำเร็จ → audit ADMIN_PASSWORD_CHANGE (module My Account, risk High, ไม่มี password ใน payload) (3.6s)
  ok 1094 [mobile-390] › tests\qa-bo-019c-my-account-active-sessions.spec.js:104:3 › QA-BO-019c: Active Sessions — section & list rendering › 4. IP ทุก session ถูก mask (มี .xx) — ไม่ render full IPv4 บนหน้า (2.7s)
  ok 1096 [mobile-390] › tests\qa-bo-019c-my-account-active-sessions.spec.js:113:3 › QA-BO-019c: Active Sessions — section & list rendering › 5. ไม่มี session secret/token หลุดบน DOM (render เฉพาะ metadata ที่ mask แล้ว) (2.9s)
  ok 1095 [mobile-390] › tests\qa-bo-019b-my-account-change-password.spec.js:302:3 › QA-BO-019b: Change Password — commit & audit › 18. Enter ใน field → submit เหมือนกดปุ่มเปลี่ยนรหัสผ่าน (3.8s)
  ok 1097 [mobile-390] › tests\qa-bo-019c-my-account-active-sessions.spec.js:124:3 › QA-BO-019c: Active Sessions — revoke modal flow › 6. กด ออกจากระบบ → confirm modal เปิดพร้อม session summary + impact warning + ปุ่ม footer (3.1s)
  ok 1098 [mobile-390] › tests\qa-bo-019b-my-account-change-password.spec.js:311:3 › QA-BO-019b: Change Password — commit & audit › 19. fail count reset หลังเปลี่ยนสำเร็จ (attempt ก่อนหน้าไม่ติดลบค้าง) (4.0s)
  ok 1099 [mobile-390] › tests\qa-bo-019c-my-account-active-sessions.spec.js:139:3 › QA-BO-019c: Active Sessions — revoke modal flow › 7. กด ยกเลิก → modal ปิด + session ยัง Active + ไม่สร้าง audit (3.4s)
  ok 1100 [mobile-390] › tests\qa-bo-019b-my-account-change-password.spec.js:331:3 › QA-BO-019b: Change Password — rate limit cooldown › 20. current ผิดครบ 5 ครั้ง → cooldown: submit disabled + countdown + audit Failed/RATE_LIMITED (3.6s)
  ok 1101 [mobile-390] › tests\qa-bo-019c-my-account-active-sessions.spec.js:153:3 › QA-BO-019c: Active Sessions — revoke modal flow › 8. ยืนยัน revoke → session หลุดจาก list + status=Revoked + success toast (3.3s)
  ok 1102 [mobile-390] › tests\qa-bo-019b-my-account-change-password.spec.js:354:3 › QA-BO-019b: Change Password — rate limit cooldown › 21. cooldown คงอยู่ข้ามการปิด/เปิด modal (state ระดับ account ไม่ใช่ modal) (4.1s)
  ok 1103 [mobile-390] › tests\qa-bo-019c-my-account-active-sessions.spec.js:170:3 › QA-BO-019c: Active Sessions — revoke modal flow › 9. revoke ครบทุก session อื่น → เหลือเฉพาะ current session (4.1s)
  ok 1104 [mobile-390] › tests\qa-bo-019b-my-account-change-password.spec.js:373:3 › QA-BO-019b: Change Password — rate limit cooldown › 22. submit ระหว่าง cooldown → no-op (guard ระดับ function ไม่พึ่ง disabled เพียงอย่างเดียว) (3.3s)
  ok 1105 [mobile-390] › tests\qa-bo-019c-my-account-active-sessions.spec.js:187:3 › QA-BO-019c: Active Sessions — audit › 10. revoke สำเร็จ → audit ADMIN_SESSION_REVOKE พอดี 1 event (module My Account, risk Medium) (3.4s)
  ok 1107 [mobile-390] › tests\qa-bo-019c-my-account-active-sessions.spec.js:208:3 › QA-BO-019c: Active Sessions — audit › 11. audit ไม่ลงข้อมูลลับ — ไม่มี password/token/full IP (masked IP เท่านั้น) (3.3s)
  ok 1106 [mobile-390] › tests\qa-bo-019b-my-account-change-password.spec.js:388:3 › QA-BO-019b: Change Password — rate limit cooldown › 23. cooldown หมด → submit กลับมาใช้ได้ + fail count reset (5.3s)
  ok 1108 [mobile-390] › tests\qa-bo-019c-my-account-active-sessions.spec.js:228:3 › QA-BO-019c: Active Sessions — boundary checks › 12. stale commit: account revision เปลี่ยนระหว่างเปิด modal → reject + error toast + session คงอยู่ (3.5s)
  ok 1109 [mobile-390] › tests\qa-bo-019b-my-account-change-password.spec.js:404:3 › QA-BO-019b: Change Password — rate limit cooldown › 24. cooldown หมดตอน modal ปิด → เปิดใหม่ไม่มี banner + counter reset (attempt ใหม่นับจาก 1) (5.9s)
  ok 1110 [mobile-390] › tests\qa-bo-019c-my-account-active-sessions.spec.js:248:3 › QA-BO-019c: Active Sessions — boundary checks › 13. session ถูก revoke ไปแล้วระหว่างเปิด modal → warning toast + ไม่ commit ซ้ำ + ไม่สร้าง audit (3.3s)
  ok 1112 [mobile-390] › tests\qa-bo-019c-my-account-active-sessions.spec.js:267:3 › QA-BO-019c: Active Sessions — boundary checks › 14. current session revoke ผ่าน function ตรง ๆ → reject (ไม่เปิด modal) + warning toast (3.3s)
  ok 1111 [mobile-390] › tests\qa-bo-019b-my-account-change-password.spec.js:434:3 › QA-BO-019b: Change Password — boundary checks › 25. stale revision → reject ไม่ commit + error toast (revision เปลี่ยนระหว่างเปิด modal) (3.9s)
  ok 1113 [mobile-390] › tests\qa-bo-019c-my-account-active-sessions.spec.js:279:3 › QA-BO-019c: Active Sessions — boundary checks › 15. self account ไม่ใช่ Active ระหว่างเปิด modal → confirm reject + session คงอยู่ (3.3s)
  ok 1114 [mobile-390] › tests\qa-bo-019b-my-account-change-password.spec.js:450:3 › QA-BO-019b: Change Password — boundary checks › 26. self account ไม่ใช่ Active ตอน commit → reject (boundary check ระดับ commit) (3.6s)
  ok 1115 [mobile-390] › tests\qa-bo-019c-my-account-active-sessions.spec.js:302:3 › QA-BO-019c: Active Sessions — boundary checks › 16. self-only: auth.admin.accountId ชี้ account อื่น → confirm ไม่ commit (identity resolve จาก auth เท่านั้น) (3.4s)
  ok 1116 [mobile-390] › tests\qa-bo-019b-my-account-change-password.spec.js:467:3 › QA-BO-019b: Change Password — boundary checks › 27. self-only: auth.admin.accountId เปลี่ยนเป็น account อื่นระหว่างเปิด modal → commit ถูก reject (3.3s)
  ok 1117 [mobile-390] › tests\qa-bo-019c-my-account-active-sessions.spec.js:321:3 › QA-BO-019c: Active Sessions — sessionRevision linkage › 17. เปลี่ยนรหัสผ่านสำเร็จ → sessionRevision bump → session อื่นหลุดจาก list เหลือแค่ current (3.5s)
  ok 1118 [mobile-390] › tests\qa-bo-019b-my-account-change-password.spec.js:485:3 › QA-BO-019b: Change Password — regression › 28. ปิด modal แล้ว state/class ถูกล้าง — ไม่ค้าง my-account-password-modal หรือ password field (3.5s)
  ok 1120 [mobile-390] › tests\qa-bo-019b-my-account-change-password.spec.js:496:3 › QA-BO-019b: Change Password — regression › 29. Edit Name flow เดิมยังทำงานปกติหลังมี Change Password (regression AIL-020) (3.3s)
  ok 1119 [mobile-390] › tests\qa-bo-019c-my-account-active-sessions.spec.js:341:3 › QA-BO-019c: Active Sessions — sessionRevision linkage › 18. sessionRevision bump จากอุปกรณ์อื่น → current session stale → session-expired gate (AIL-023b uniform epoch) (5.5s)
  ok 1121 [mobile-390] › tests\qa-bo-019d-my-account-logout-all.spec.js:73:3 › QA-BO-019d: Logout All Devices — entry button › 1. ปุ่ม ออกจากระบบทุกอุปกรณ์ แสดงท้าย Active Sessions section หลัง session list (warning style) (2.8s)
  ok 1122 [mobile-390] › tests\qa-bo-019c-my-account-active-sessions.spec.js:377:3 › QA-BO-019c: Active Sessions — responsive & regression › 19. responsive: session rows + revoke action render/ใช้งานได้ทุก viewport (3.5s)
  ok 1123 [mobile-390] › tests\qa-bo-019d-my-account-logout-all.spec.js:95:3 › QA-BO-019d: Logout All Devices — confirm modal › 2. กดปุ่ม → confirm modal เปิดพร้อม session count + current device highlight + impact warning + footer (3.1s)
  ok 1124 [mobile-390] › tests\qa-bo-019c-my-account-active-sessions.spec.js:395:3 › QA-BO-019c: Active Sessions — responsive & regression › 20. regression: Edit Name + Change Password + scenario tools ยังทำงานหลังเพิ่ม section (4.1s)
  ok 1125 [mobile-390] › tests\qa-bo-019d-my-account-logout-all.spec.js:114:3 › QA-BO-019d: Logout All Devices — confirm modal › 3. กด ยกเลิก → modal ปิด + ทุก session ยัง Active + ไม่สร้าง audit + ไม่กลับหน้า Login (3.5s)
  ok 1126 [mobile-390] › tests\qa-bo-019e-my-account-session-expired.spec.js:83:3 › QA-BO-019e: Session Expired — system triggers › 1. idle timeout: lastActiveTs เกิน 8h → gate expired + sweep flip status=Expired (3.0s)
  ok 1127 [mobile-390] › tests\qa-bo-019d-my-account-logout-all.spec.js:136:3 › QA-BO-019d: Logout All Devices — confirm & teardown › 4. ยืนยัน → ทุก session (รวม current) ถูก Revoked + กลับหน้า Login (ไม่มี toast ลอยทับ) (5.6s)
  ok 1128 [mobile-390] › tests\qa-bo-019e-my-account-session-expired.spec.js:101:3 › QA-BO-019e: Session Expired — system triggers › 2. max session lifetime: signedInTs เกิน 24h → gate expired + reason Max session lifetime (3.0s)
  ok 1130 [mobile-390] › tests\qa-bo-019e-my-account-session-expired.spec.js:117:3 › QA-BO-019e: Session Expired — system triggers › 3. session ถูก revoke จากอุปกรณ์อื่น (status=Revoked) → render ถัดไป gate expired (3.3s)
  ok 1129 [mobile-390] › tests\qa-bo-019d-my-account-logout-all.spec.js:157:3 › QA-BO-019d: Logout All Devices — confirm & teardown › 5. login ใหม่หลัง teardown → My Account แสดง current session ใหม่ (lazy issuance) (5.2s)
  ok 1131 [mobile-390] › tests\qa-bo-019e-my-account-session-expired.spec.js:129:3 › QA-BO-019e: Session Expired — system triggers › 4. sessionRevision stale: epoch bump จาก context อื่น → current session invalid → gate expired (3.5s)
  ok 1132 [mobile-390] › tests\qa-bo-019d-my-account-logout-all.spec.js:186:3 › QA-BO-019d: Logout All Devices — audit › 6. ยืนยันสำเร็จ → audit ADMIN_SESSION_REVOKE_ALL พอดี 1 event (aggregate, module My Account, risk Medium) (4.1s)
  ok 1133 [mobile-390] › tests\qa-bo-019e-my-account-session-expired.spec.js:143:3 › QA-BO-019e: Session Expired — system triggers › 5. session watch: revoke จาก context อื่นโดยไม่ render → หน้า flip เป็น expired เอง (3.4s)
  ok 1134 [mobile-390] › tests\qa-bo-019d-my-account-logout-all.spec.js:207:3 › QA-BO-019d: Logout All Devices — audit › 7. audit ไม่ลงข้อมูลลับ — ไม่มี password/token/secret/full IP (3.3s)
  ok 1135 [mobile-390] › tests\qa-bo-019e-my-account-session-expired.spec.js:156:3 › QA-BO-019e: Session Expired — system triggers › 6. session อื่น idle เกิน 8h → หลุดจาก list + sweep เป็น Expired — แต่หน้าไม่ gate (3.0s)
  ok 1136 [mobile-390] › tests\qa-bo-019d-my-account-logout-all.spec.js:225:3 › QA-BO-019d: Logout All Devices — boundary checks › 8. stale commit: revision เปลี่ยนระหว่างเปิด modal → reject + error toast + sessions คงอยู่ + ไม่กลับ Login (3.3s)
  ok 1137 [mobile-390] › tests\qa-bo-019e-my-account-session-expired.spec.js:171:3 › QA-BO-019e: Session Expired — system triggers › 7. currentSessionId ชี้ session ที่ไม่มีใน registry → gate expired (2.9s)
  ok 1138 [mobile-390] › tests\qa-bo-019d-my-account-logout-all.spec.js:248:3 › QA-BO-019d: Logout All Devices — boundary checks › 9. ไม่มี active session ระหว่างเปิด modal → confirm reject + warning toast + ไม่กลับ Login (3.3s)
  ok 1139 [mobile-390] › tests\qa-bo-019e-my-account-session-expired.spec.js:186:3 › QA-BO-019e: Session Expired — state block & CTA › 8. expired block: title + subtitle + CTA กลับไปหน้า Login (generic message ไม่บอกสาเหตุ) (3.3s)
  ok 1140 [mobile-390] › tests\qa-bo-019d-my-account-logout-all.spec.js:264:3 › QA-BO-019d: Logout All Devices — boundary checks › 10. self account ไม่ใช่ Active ระหว่างเปิด modal → confirm reject + sessions คงอยู่ (3.4s)
  ok 1141 [mobile-390] › tests\qa-bo-019e-my-account-session-expired.spec.js:204:3 › QA-BO-019e: Session Expired — state block & CTA › 9. CTA กลับไปหน้า Login → teardown + login screen เปล่า (copy บน expired block อธิบายแล้ว) (3.6s)
  ok 1142 [mobile-390] › tests\qa-bo-019d-my-account-logout-all.spec.js:287:3 › QA-BO-019d: Logout All Devices — boundary checks › 11. self-only: auth.admin.accountId ชี้ account อื่น → confirm ไม่ commit (identity resolve จาก auth เท่านั้น) (3.4s)
  ok 1143 [mobile-390] › tests\qa-bo-019e-my-account-session-expired.spec.js:221:3 › QA-BO-019e: Session Expired — state block & CTA › 10. re-login หลัง expired → session ใหม่ถูกออก → My Account ใช้ได้ + session เดิมคง Expired/Revoked (5.0s)
  ok 1144 [mobile-390] › tests\qa-bo-019d-my-account-logout-all.spec.js:303:3 › QA-BO-019d: Logout All Devices — boundary checks › 12. ไม่มี active session → เปิด modal ผ่าน function ตรง ๆ → reject (ไม่เปิด modal) + warning toast (3.0s)
  ok 1145 [mobile-390] › tests\qa-bo-019e-my-account-session-expired.spec.js:246:3 › QA-BO-019e: Session Expired — state block & CTA › 11. user-initiated logout → login screen โดยไม่มี session-expired message (แยกจาก system expiry) (5.6s)
  ok 1146 [mobile-390] › tests\qa-bo-019d-my-account-logout-all.spec.js:321:3 › QA-BO-019d: Logout All Devices — responsive & regression › 13. responsive: ปุ่ม + modal + teardown flow ทำงานครบทุก viewport (5.3s)
  ok 1147 [mobile-390] › tests\qa-bo-019e-my-account-session-expired.spec.js:256:3 › QA-BO-019e: Session Expired — state block & CTA › 12. scenario tool เลือก Ready ขณะ session invalid จริง → guard override กลับเป็น expired (demo tool ไม่ข้าม contract) (3.8s)
  ok 1148 [mobile-390] › tests\qa-bo-019d-my-account-logout-all.spec.js:337:3 › QA-BO-019d: Logout All Devices — responsive & regression › 14. regression: per-session revoke + Edit Name + Change Password ยังทำงาน (4.8s)
  ok 1150 [mobile-390] › tests\qa-bo-020-forgot-password.spec.js:69:3 › QA-BO-020: Forgot Password — entry & structure › 1. ปุ่ม ลืมรหัสผ่าน? บนหน้า Login กดได้ → เปิด forgot screen และซ่อน login (960ms)
  ok 1149 [mobile-390] › tests\qa-bo-019e-my-account-session-expired.spec.js:274:3 › QA-BO-019e: Session Expired — commit guards › 13. edit-name mid-modal: current session revoked → save reject + ไม่ commit + gate expired (4.0s)
  ok 1151 [mobile-390] › tests\qa-bo-020-forgot-password.spec.js:81:3 › QA-BO-020: Forgot Password — entry & structure › 2. ready state: title + email field (type/autocomplete) + submit + back link + scenario tools (2.3s)
  ok 1153 [mobile-390] › tests\qa-bo-020-forgot-password.spec.js:94:3 › QA-BO-020: Forgot Password — entry & structure › 3. ลิงก์ กลับไปหน้า Login → กลับ login screen และ login ได้ตามเดิม (1.5s)
  ok 1152 [mobile-390] › tests\qa-bo-019e-my-account-session-expired.spec.js:293:3 › QA-BO-019e: Session Expired — commit guards › 14. change-password mid-modal: current session expired → save reject + password ไม่เปลี่ยน + ไม่สร้าง audit (3.3s)
  ok 1154 [mobile-390] › tests\qa-bo-020-forgot-password.spec.js:111:3 › QA-BO-020: Forgot Password — validation › 4. email ว่าง → field error + ไม่สร้าง request/audit (1.5s)
  ok 1156 [mobile-390] › tests\qa-bo-020-forgot-password.spec.js:122:3 › QA-BO-020: Forgot Password — validation › 5. email ผิดรูปแบบ → field error + ไม่สร้าง request/audit (2.0s)
  ok 1155 [mobile-390] › tests\qa-bo-019e-my-account-session-expired.spec.js:314:3 › QA-BO-019e: Session Expired — commit guards › 15. revoke-session mid-modal: current session revoked จากที่อื่น → confirm reject + target คงอยู่ (3.7s)
  ok 1157 [mobile-390] › tests\qa-bo-020-forgot-password.spec.js:133:3 › QA-BO-020: Forgot Password — validation › 6. พิมพ์แก้ email → field error ถูกเคลียร์ (1.4s)
  ok 1159 [mobile-390] › tests\qa-bo-020-forgot-password.spec.js:148:3 › QA-BO-020: Forgot Password — generic response › 7. eligible Active account → accepted state พร้อม generic message (2.0s)
  ok 1158 [mobile-390] › tests\qa-bo-019e-my-account-session-expired.spec.js:332:3 › QA-BO-019e: Session Expired — commit guards › 16. logout-all mid-modal: current session revoked → confirm reject + sessions อื่นคงอยู่ + gate expired (4.2s)
  ok 1160 [mobile-390] › tests\qa-bo-020-forgot-password.spec.js:155:3 › QA-BO-020: Forgot Password — generic response › 8. unknown email → accepted message เหมือน eligible ทุกตัวอักษร และไม่สร้าง request/audit/delivery (2.1s)
  ok 1162 [mobile-390] › tests\qa-bo-020-forgot-password.spec.js:167:3 › QA-BO-020: Forgot Password — generic response › 9. Suspended account → accepted เหมือนเดิม + audit Failed ACCOUNT_INELIGIBLE (ไม่ออก token) (2.4s)
  ok 1161 [mobile-390] › tests\qa-bo-019e-my-account-session-expired.spec.js:357:3 › QA-BO-019e: Session Expired — passive detection & security › 17. expiry detection ไม่สร้าง audit event (passive check — revoke ถูก audit ตอนกระทำแล้ว) (3.0s)
  ok 1163 [mobile-390] › tests\qa-bo-020-forgot-password.spec.js:183:3 › QA-BO-020: Forgot Password — generic response › 10. Invited account → accepted เหมือนเดิม + audit Failed ACCOUNT_INELIGIBLE (1.9s)
  ok 1165 [mobile-390] › tests\qa-bo-020-forgot-password.spec.js:194:3 › QA-BO-020: Forgot Password — generic response › 11. Locked (failed login) → eligible: ออก token จริง แต่ UI ยัง generic เหมือนเดิม (1.8s)
  ok 1164 [mobile-390] › tests\qa-bo-019e-my-account-session-expired.spec.js:370:3 › QA-BO-019e: Session Expired — passive detection & security › 18. expired state ไม่ render ข้อมูลบัญชี/session ต่อ — DOM มีแค่ state block (4.3s)
  ok 1166 [mobile-390] › tests\qa-bo-020-forgot-password.spec.js:204:3 › QA-BO-020: Forgot Password — generic response › 12. cooldown scenario → accepted เหมือนเดิม + audit COOLDOWN_ACTIVE + ไม่ออก RST ใหม่ (2.5s)
  ok 1168 [mobile-390] › tests\qa-bo-020-forgot-password.spec.js:218:3 › QA-BO-020: Forgot Password — generic response › 13. quota scenario → accepted เหมือนเดิม + audit QUOTA_EXCEEDED (2.2s)
  ok 1167 [mobile-390] › tests\qa-bo-019e-my-account-session-expired.spec.js:385:3 › QA-BO-019e: Session Expired — passive detection & security › 19. expired state ทำงานครบทุก viewport — block + CTA visible และ CTA กลับ login ได้ (4.0s)
  ok 1169 [mobile-390] › tests\qa-bo-020-forgot-password.spec.js:229:3 › QA-BO-020: Forgot Password — generic response › 14. delivery-failed → accepted generic เหมือนเดิม แต่ delivery row + audit เป็น Failed (2.6s)
  ok 1171 [mobile-390] › tests\qa-bo-020-forgot-password.spec.js:252:3 › QA-BO-020: Forgot Password — issuance & audit/delivery › 15. eligible → RST-xxxxx Pending 30 นาที + token hash-only + audit + delivery Sent (2.0s)
  ok 1170 [mobile-390] › tests\qa-bo-019e-my-account-session-expired.spec.js:401:3 › QA-BO-019e: Session Expired — passive detection & security › 20. regression: session ปกติ + scenario tools (ready/loading/error) ยังทำงานหลังเพิ่ม gate (5.3s)
  ok 1173 [mobile-390] › tests\qa-bo-021-reset-password.spec.js:65:3 › QA-BO-021: Reset Password — entry & structure › 1. route #reset-token= → reset screen แทน login, token ถูก strip จาก address bar (909ms)
  ok 1174 [mobile-390] › tests\qa-bo-021-reset-password.spec.js:80:3 › QA-BO-021: Reset Password — entry & structure › 2. validating state → form state: title, masked email, fields, policy checklist, ไม่มี current password (1.3s)
  ok 1172 [mobile-390] › tests\qa-bo-020-forgot-password.spec.js:291:3 › QA-BO-020: Forgot Password — issuance & audit/delivery › 16. request ใหม่หลัง cooldown ผ่าน → supersede Pending เดิม + tokenRevision เพิ่ม (3.6s)
  ok 1175 [mobile-390] › tests\qa-bo-021-reset-password.spec.js:119:3 › QA-BO-021: Reset Password — entry & structure › 3. BACK TO LOGIN จาก recovery state → กลับ login screen ปกติ (1.4s)
  ok 1177 [mobile-390] › tests\qa-bo-021-reset-password.spec.js:134:3 › QA-BO-021: Reset Password — token states › 4. invalid token → LINK NOT VALID + recovery channel ขอลิงก์ใหม่ (1.0s)
  ok 1176 [mobile-390] › tests\qa-bo-020-forgot-password.spec.js:312:3 › QA-BO-020: Forgot Password — issuance & audit/delivery › 17. double-submit: กดส่งซ้ำเร็ว → idempotent สร้าง request เดียว (1.9s)
  ok 1178 [mobile-390] › tests\qa-bo-021-reset-password.spec.js:150:3 › QA-BO-021: Reset Password — token states › 5. expired token → LINK EXPIRED + audit accept Failed EXPIRED + request ไม่ถูกแตะ (1.7s)
  ok 1180 [mobile-390] › tests\qa-bo-021-reset-password.spec.js:167:3 › QA-BO-021: Reset Password — token states › 6. used token → LINK ALREADY USED + GO TO LOGIN (1.2s)
  ok 1181 [mobile-390] › tests\qa-bo-021-reset-password.spec.js:178:3 › QA-BO-021: Reset Password — token states › 7. superseded token → LINK REPLACED (request ใหม่ supersede เดิมตาม issuance) (1.2s)
  ok 1179 [mobile-390] › tests\qa-bo-020-forgot-password.spec.js:329:3 › QA-BO-020: Forgot Password — system error › 18. system-error scenario → generic error + retry; retry กลับ form แล้วส่งสำเร็จ (4.5s)
  ok 1182 [mobile-390] › tests\qa-bo-021-reset-password.spec.js:195:3 › QA-BO-021: Reset Password — token states › 8. Suspended account → RESET UNAVAILABLE (account_ineligible) + no mutation (1.3s)
  ok 1183 [mobile-390] › tests\qa-bo-020-forgot-password.spec.js:351:3 › QA-BO-020: Forgot Password — security & responsive › 19. DOM/state ที่ผู้ใช้เห็นไม่มี raw token, account id, หรือ failure code (2.0s)
  ok 1184 [mobile-390] › tests\qa-bo-021-reset-password.spec.js:212:3 › QA-BO-021: Reset Password — token states › 9. security/admin Locked account → blocked (lock_reason_blocked), ไม่ปลดล็อก (1.3s)
  ok 1186 [mobile-390] › tests\qa-bo-021-reset-password.spec.js:233:3 › QA-BO-021: Reset Password — token states › 10. Invited account → RESET UNAVAILABLE (account_ineligible) (1.6s)
  ok 1185 [mobile-390] › tests\qa-bo-020-forgot-password.spec.js:363:3 › QA-BO-020: Forgot Password — security & responsive › 20. forgot screen ไม่มี horizontal overflow และ CTA ใช้งานได้ทุก viewport (2.7s)
  ok 1187 [mobile-390] › tests\qa-bo-021-reset-password.spec.js:249:3 › QA-BO-021: Reset Password — form validation › 11. policy checklist อัปเดตแบบ live ตอนพิมพ์ (1.9s)
  ok 1188 [mobile-390] › tests\qa-bo-020-forgot-password.spec.js:382:3 › QA-BO-020: Forgot Password — login regression › 21. login ปกติ + invalid credentials + auth-scenario ยังทำงานเหมือนเดิม (1.8s)
  ok 1189 [mobile-390] › tests\qa-bo-021-reset-password.spec.js:269:3 › QA-BO-021: Reset Password — form validation › 12. field ว่าง → error ผูก field + aria-invalid/aria-errormessage (1.7s)
  ok 1190 [mobile-390] › tests\qa-bo-022-failed-login-lockout.spec.js:59:3 › QA-BO-022: Failed Login Lockout — display › 1. ADM-007 (Locked failed_login) → lockout message + countdown + forgot hint ไม่สร้าง session (1.6s)
  ok 1191 [mobile-390] › tests\qa-bo-021-reset-password.spec.js:287:3 › QA-BO-021: Reset Password — form validation › 13. password ไม่ผ่าน policy → error; mismatch → confirm error; พิมพ์แก้เคลียร์ error (2.3s)
  ok 1193 [mobile-390] › tests\qa-bo-021-reset-password.spec.js:308:3 › QA-BO-021: Reset Password — form validation › 14. password toggle สลับ type + aria-label ทั้งสอง field (1.3s)
  ok 1192 [mobile-390] › tests\qa-bo-022-failed-login-lockout.spec.js:77:3 › QA-BO-022: Failed Login Lockout — display › 2. countdown ลดลงจริงเมื่อเวลาผ่านไป (3.5s)
  ok 1195 [mobile-390] › tests\qa-bo-022-failed-login-lockout.spec.js:90:3 › QA-BO-022: Failed Login Lockout — display › 3. login ที่ถูก block ระหว่าง lockout ถูก audit (ACCOUNT_LOCKED) โดยไม่มี password (1.1s)
  ok 1194 [mobile-390] › tests\qa-bo-021-reset-password.spec.js:327:3 › QA-BO-021: Reset Password — commit › 15. Active account → success: token Used + credential updated + sessions revoked + revision+1 + audit (2.1s)
  ok 1197 [mobile-390] › tests\qa-bo-021-reset-password.spec.js:368:3 › QA-BO-021: Reset Password — commit › 16. failed-login Locked account → reset ปลดล็อกเป็น Active + clear lock marker (1.6s)
  ok 1196 [mobile-390] › tests\qa-bo-022-failed-login-lockout.spec.js:110:3 › QA-BO-022: Failed Login Lockout — threshold › 4. พลาด 1-4 ครั้ง → generic invalid error เท่านั้น ไม่มี lockout / attempts นับสะสม (2.7s)
  ok 1198 [mobile-390] › tests\qa-bo-021-reset-password.spec.js:386:3 › QA-BO-021: Reset Password — commit › 17. replay: เปิด token เดิมซ้ำหลังใช้แล้ว → LINK ALREADY USED (double-use ไม่ได้) (1.9s)
  ok 1199 [mobile-390] › tests\qa-bo-022-failed-login-lockout.spec.js:124:3 › QA-BO-022: Failed Login Lockout — threshold › 5. พลาดครบ 5 ครั้ง → account Locked + lockout display + audit ADMIN_LOGIN_LOCKED (2.6s)
  ok 1200 [mobile-390] › tests\qa-bo-021-reset-password.spec.js:404:3 › QA-BO-021: Reset Password — commit › 18. commit-failed scenario → transient state + rollback ครบ + TRY AGAIN re-resolve แล้วสำเร็จ (2.5s)
  ok 1201 [mobile-390] › tests\qa-bo-022-failed-login-lockout.spec.js:148:3 › QA-BO-022: Failed Login Lockout — threshold › 6. submit ซ้ำขณะล็อกอยู่ → ยังแสดง lockout (re-check จาก state ทุกครั้ง) (3.0s)
  ok 1202 [mobile-390] › tests\qa-bo-021-reset-password.spec.js:451:3 › QA-BO-021: Reset Password — commit › 19. stale: account revision เปลี่ยนระหว่างเปิด form → submit ถูกบล็อก STALE_REQUEST + retry re-resolve (2.0s)
  ok 1204 [mobile-390] › tests\qa-bo-021-reset-password.spec.js:488:3 › QA-BO-021: Reset Password — security & responsive › 20. DOM/audit/delivery ไม่มี raw token, token hash, password หรือ secret (2.3s)
  ok 1203 [mobile-390] › tests\qa-bo-022-failed-login-lockout.spec.js:159:3 › QA-BO-022: Failed Login Lockout — threshold › 7. unknown email + bad-password → generic error เท่านั้น ไม่สร้าง attempt/audit (anti-enumeration) (2.4s)
  ok 1206 [mobile-390] › tests\qa-bo-022-failed-login-lockout.spec.js:175:3 › QA-BO-022: Failed Login Lockout — lock kinds › 8. security/admin lock → generic blocked message ไม่มี countdown/self-service hint (1.5s)
  ok 1205 [mobile-390] › tests\qa-bo-021-reset-password.spec.js:512:3 › QA-BO-021: Reset Password — security & responsive › 21. reset screen ไม่มี horizontal overflow ทุก state (form/error/success) (1.9s)
  ok 1207 [mobile-390] › tests\qa-bo-022-failed-login-lockout.spec.js:193:3 › QA-BO-022: Failed Login Lockout — lock kinds › 9. Suspended (ADM-006) → blocked message เดียวกัน ไม่มี countdown (1.4s)
  ok 1209 [mobile-390] › tests\qa-bo-022-failed-login-lockout.spec.js:207:3 › QA-BO-022: Failed Login Lockout — lock kinds › 10. Archived + Invited accounts → blocked safely เหมือนกัน (1.5s)
  ok 1208 [mobile-390] › tests\qa-bo-021-reset-password.spec.js:537:3 › QA-BO-021: Reset Password — login/forgot regression › 22. login + forgot flow เดิมไม่เปลี่ยน หลัง reset flow เข้ามา (3.3s)
  ok 1210 [mobile-390] › tests\qa-bo-022-failed-login-lockout.spec.js:224:3 › QA-BO-022: Failed Login Lockout — recovery › 11. lock หมดอายุ (scenario lockout-expired) → lazy unlock + login สำเร็จ + attempts เคลียร์ (1.2s)
  ok 1212 [mobile-390] › tests\qa-bo-022-failed-login-lockout.spec.js:236:3 › QA-BO-022: Failed Login Lockout — recovery › 12. countdown ถึง 0 → ปลดล็อกตาม state จริง + แสดง info state (3.5s)
  ok 1213 [mobile-390] › tests\qa-bo-022-failed-login-lockout.spec.js:255:3 › QA-BO-022: Failed Login Lockout — recovery › 13. Reset Password ปลด failed-login lock → login ได้ (เส้นทาง AIL-025) (1.8s)
  ok 1214 [mobile-390] › tests\qa-bo-022-failed-login-lockout.spec.js:285:3 › QA-BO-022: Failed Login Lockout — recovery › 14. security/admin lock → Reset Password ไม่ปลดล็อก (lock_reason_blocked) (1.5s)
  ok 1211 [mobile-390] › tests\qa-bo-023-self-service-functional.spec.js:127:3 › QA-BO-023: Self-Service — golden-path journey › A1. journey ต่อเนื่องใน session เดียว: Edit Name → revoke session อื่น → Change Password → Logout All → re-login → My Account ใช้ได้ + audit 4 events เรียงลำดับ (8.9s)
  ok 1215 [mobile-390] › tests\qa-bo-022-failed-login-lockout.spec.js:305:3 › QA-BO-022: Failed Login Lockout — recovery › 15. login สำเร็จปกติ → เคลียร์ failed-attempt counter (ไม่มี lock) (2.1s)
  ok 1216 [mobile-390] › tests\qa-bo-023-self-service-functional.spec.js:184:3 › QA-BO-023: Self-Service — audit/trace invariants › B1. แต่ละ mutation ผลิต event พอดี 1 รายการ + field ครบ (AUD id เพิ่มตามลำดับ, module=My Account, actor/result/target) (4.3s)
  ok 1217 [mobile-390] › tests\qa-bo-024-password-recovery-functional.spec.js:163:3 › QA-BO-024: Password Recovery — golden-path journey › A1. journey ต่อเนื่องผ่าน UI: ลืมรหัสผ่าน → ขอลิงก์ → reset → กลับ Login → login → Dashboard (ไม่มี session ก่อน login จริง) (3.9s)
  ok 1219 [mobile-390] › tests\qa-bo-024-password-recovery-functional.spec.js:223:3 › QA-BO-024: Password Recovery — audit/trace invariants › B1. audit chain ข้าม flow: REQUEST→DELIVERY→ACCEPT→COMMIT ใต้ correlationId เดียว + refs ผูกกันครบ (2.9s)
  ok 1220 [mobile-390] › tests\qa-bo-024-password-recovery-functional.spec.js:265:3 › QA-BO-024: Password Recovery — audit/trace invariants › B2. เปิดลิงก์ซ้ำ (reopen) ก่อน commit → TOKEN_ACCEPT Success แค่ event เดียวต่อ request (2.5s)
  ok 1218 [mobile-390] › tests\qa-bo-023-self-service-functional.spec.js:221:3 › QA-BO-023: Self-Service — audit/trace invariants › B2. cancel / validation-fail / no-op save → ไม่สร้าง audit event (state ไม่ mutate) (5.5s)
  ok 1221 [mobile-390] › tests\qa-bo-024-password-recovery-functional.spec.js:292:3 › QA-BO-024: Password Recovery — audit/trace invariants › B3. artifacts ทั้ง journey (audit/delivery/record/DOM) ไม่มี raw token, token hash หรือ password (2.7s)
  ok 1222 [mobile-390] › tests\qa-bo-023-self-service-functional.spec.js:266:3 › QA-BO-023: Self-Service — audit/trace invariants › B3. ทุก event ที่ journey สร้างไม่มี secret (password/reset token/credential/full IPv4) (5.0s)
  ok 1223 [mobile-390] › tests\qa-bo-024-password-recovery-functional.spec.js:324:3 › QA-BO-024: Password Recovery — audit/trace invariants › B4. events + delivery ของ journey แสดงจริงใน Settings > Audit Log / Delivery Logs หลัง re-login (5.8s)
  ok 1225 [mobile-390] › tests\qa-bo-024-password-recovery-functional.spec.js:357:3 › QA-BO-024: Password Recovery — lockout-recovery chains › C1. failed login 5 ครั้งผ่าน UI → lockout + hint ชี้ forgot → forgot → reset → ปลดล็อก → login สำเร็จ (4.5s)
  ok 1224 [mobile-390] › tests\qa-bo-023-self-service-functional.spec.js:286:3 › QA-BO-023: Self-Service — audit/trace invariants › B4. self-service events แสดงจริงใน Settings > Audit Log (module badge My Account + risk ตรง event) (8.7s)
  ok 1226 [mobile-390] › tests\qa-bo-024-password-recovery-functional.spec.js:392:3 › QA-BO-024: Password Recovery — lockout-recovery chains › C2. token ออกตอน Active → account ถูก lock ระหว่างลิงก์ค้าง → ลิงก์เดิมยังผ่าน → commit ปลดล็อก (3.5s)
  ok 1228 [mobile-390] › tests\qa-bo-024-password-recovery-functional.spec.js:421:3 › QA-BO-024: Password Recovery — lockout-recovery chains › C3. หลัง reset ปลดล็อก → failed-login counter เริ่มนับใหม่จาก 1 (ไม่ต่อจาก lock เดิม) (1.8s)
  ok 1227 [mobile-390] › tests\qa-bo-023-self-service-functional.spec.js:320:3 › QA-BO-023: Self-Service — cross-device session chains › C1. Change Password บนเครื่องนี้ → session ของอุปกรณ์อื่น stale → อุปกรณ์นั้นเจอ expired gate → re-login ออก session ใหม่ (7.6s)
  ok 1229 [mobile-390] › tests\qa-bo-024-password-recovery-functional.spec.js:449:3 › QA-BO-024: Password Recovery — token lifecycle chains › D1. ขอลิงก์ใหม่ผ่าน UI → ลิงก์เก่า LINK REPLACED → ลิงก์ใหม่ใช้ได้ → login สำเร็จ (4.3s)
  ok 1230 [mobile-390] › tests\qa-bo-023-self-service-functional.spec.js:348:3 › QA-BO-023: Self-Service — cross-device session chains › C2. session ถูก revoke จากอีกเครื่อง → เครื่องนี้เจอ expired gate ที่ request ถัดไป → re-login ออก session ใหม่ (4.9s)
  ok 1231 [mobile-390] › tests\qa-bo-024-password-recovery-functional.spec.js:491:3 › QA-BO-024: Password Recovery — token lifecycle chains › D2. token ที่ commit แล้ว → replay = LINK ALREADY USED (ไม่มี forgot CTA) → ขอลิงก์ใหม่ใช้ได้ (4.4s)
  ok 1233 [mobile-390] › tests\qa-bo-024-password-recovery-functional.spec.js:520:3 › QA-BO-024: Password Recovery — token lifecycle chains › D3. expired link → LINK EXPIRED → กด ขอลิงก์ตั้งรหัสผ่านใหม่ → ลง forgot → token ใหม่ commit ได้ (3.1s)
  ok 1232 [mobile-390] › tests\qa-bo-023-self-service-functional.spec.js:381:3 › QA-BO-023: Self-Service — boundary & isolation › D1. counter isolation: failed-login attempts กับ myAccountPwFailCount เป็น mechanism คนละตัว ไม่กระทบกัน (4.3s)
  ok 1234 [mobile-390] › tests\qa-bo-024-password-recovery-functional.spec.js:558:3 › QA-BO-024: Password Recovery — boundary & cross-device › E1. reset จาก public context → session เครื่องที่ login ค้างถูก revoke → expired gate → re-login ออก session ใหม่ (2.6s)
  ok 1235 [mobile-390] › tests\qa-bo-023-self-service-functional.spec.js:406:3 › QA-BO-023: Self-Service — boundary & isolation › D2. pw rate-limit cooldown ค้างอยู่ → login/logout ปกติ ไม่ block การเข้าสู่ระบบ (5.2s)
  ok 1236 [mobile-390] › tests\qa-bo-024-password-recovery-functional.spec.js:602:3 › QA-BO-024: Password Recovery — boundary & cross-device › E2. cooldown ยังมีผลหลัง token ถูก consume — ขอใหม่ทันทีหลัง reset → generic accepted แต่ไม่ออก RST + audit COOLDOWN_ACTIVE (3.6s)
  ok 1237 [mobile-390] › tests\qa-bo-023-self-service-functional.spec.js:430:3 › QA-BO-023: Self-Service — boundary & isolation › D3. re-login หลัง expired → ลง Dashboard + เข้า My Account ได้ปกติ (session ใหม่ Active) (4.5s)
  ok 1238 [mobile-390] › tests\qa-bo-023-self-service-functional.spec.js:454:3 › QA-BO-023: Self-Service — boundary & isolation › D4. self ถูก Suspend กลาง session → request ถัดไปเจอ expired gate (status guard ทำงาน) (2.4s)
  ok 1239 [mobile-390] › tests\qa-bo-023-self-service-functional.spec.js:471:3 › QA-BO-023: Self-Service — boundary & isolation › D5. logged-out → renderModule('my-account') ไม่ leak protected content (app ซ่อน + login คงอยู่) (1.3s)
  ok 1240 [mobile-390] › tests\qa-bo-023-self-service-functional.spec.js:491:3 › QA-BO-023: Self-Service — cross-module sanity › E1. หลัง self-service actions → Dashboard / Admin Accounts / Audit Log render ปกติ (ไม่มี state ค้าง) (8.8s)

  118 skipped
  1122 passed (28.9m)
